Time (s),ESC signal (µs),Servo 1 (µs),Servo 2 (µs),Servo 3 (µs),AccX (g),AccY (g),AccZ (g),Torque (N·m),Thrust (kgf),Voltage (V),Current (A),Motor Electrical Speed (RPM),Motor Optical Speed (RPM),Electrical Power (W),Mechanical Power (W),Motor Efficiency (%),Propeller Mech. Efficiency (kgf/W),Overall Efficiency (kgf/W),Left Load Cell (mV),Right Load Cell (mV),Thrust Load Cell (mV),Vibration (g),Burst Current Cutoff (A),Pin State 1,Pin State 2,Pin State 3,Pin State 4,Debug 0,Debug 1,Debug 2,Debug 3,App message,
0,1500,,,,0,0.078125,-0.998046875,-0.05633165496945061,0.031224979242656093,23.24500964910107,0.013088917754138674,0,0,0.3042520194912438,0,0,0,0,0.2501644922713637,-0.15427449008531063,-0.05328010089983718,1.2421875,0.022883915890983264,0,1,1,1,0,0,0,0,,
0,1515.0773588104284,,,,0,0.03515625,-0.9609375,-0.05633165496945061,0.031603272440080966,23.244908301147394,0.013390164953581696,0,0,0.3112531564832441,0,0,0,0,0.2501644922713637,-0.15427449008531063,-0.05368783150067853,1.240234375,0.022743664532999475,0,1,1,1,0,0,0,0,,
0.026999999999534337,1523.2394102169565,,,,0,0.078125,-0.998046875,-0.05633165496945061,0.031603272440080966,23.244922509134234,0.014156031545489611,0,0,0.32905585631176576,0,0,0,0,0.2501644922713637,-0.15427449008531063,-0.05368783150067853,1.240234375,0.022708983046727305,0,1,1,1,0,0,0,0,,
0.0499949999996461,1532.0223134985392,,,,0,0.025390625,-0.953125,-0.05633165496945061,0.031603272440080966,23.244946509131708,0.01375252929484816,0,0,0.31967680782401225,0,0,0,0,0.2501644922713637,-0.15427449008531063,-0.05368783150067853,1.240234375,0.02262306113978596,0,1,1,1,0,0,0,0,,
0.07399999999953434,1538.6031354199956,,,,0,0.064453125,-0.986328125,-0.0563406291084443,0.031603272440080966,23.24460496227458,0.013730983294971022,0,0,0.31917128243519277,0,0,0,0,0.2501011750029281,-0.1542523317454971,-0.05368783150067853,1.240234375,0.022555272501946,1,1,1,1,0,0,0,0,,
0.0989949999996461,1546.1157785755966,,,,0,0.0390625,-0.96484375,-0.0563406291084443,0.031603272440080966,23.24429987689577,0.012649075512465302,0,0,0.29401890437724254,0,0,0,0,0.2501011750029281,-0.1542523317454971,-0.05368783150067853,1.240234375,0.022427902086223472,0,1,1,1,0,0,0,0,,
0.12399500000011175,1553.9302724965285,,,,0,0.025390625,-0.953125,-0.0563406291084443,0.031603272440080966,23.244450311668693,0.012806514031698857,0,0,0.297680379075512,0,0,0,0,0.2501011750029281,-0.1542523317454971,-0.05368783150067853,1.240234375,0.022359874535817337,0,1,1,1,0,0,0,0,,
0.15299500000011176,1562.0432034152104,,,,0,0.05859375,-0.99609375,-0.0563406291084443,0.03096441788651088,23.243757685029557,0.038967531679814815,0,0,0.9057518639493284,0,0,0,0,0.2501011750029281,-0.1542523317454971,-0.05299926360479641,1.240234375,0.023698412264779645,0,1,1,1,0,0,0,0,,
0.1759949999996461,1571.3835655737244,,,,-0.017578125,0.1015625,-1.013671875,-0.0563406291084443,0.03096441788651088,23.239847523942547,0.16784781369352775,0,0,3.900757597464701,0,0,0,0,0.2501011750029281,-0.1542523317454971,-0.05299926360479641,1.240234375,0.030766954302773097,0,1,1,1,0,0,0,0,,
0.201,1577.9069256575845,,,,0.125,0.076171875,-0.931640625,-0.0563406291084443,0.03096441788651088,23.235589631788393,0.29326650589719394,0,0,6.8142201837756495,0,0,0,0,0.2501011750029281,-0.1542523317454971,-0.05299926360479641,1.24609375,0.0386019323868112,0,1,1,1,0,0,0,0,,
0.2249949999996461,1585.6550519691432,,,,-0.1875,-0.04296875,-0.9140625,-0.05603918613592848,0.03096441788651088,23.230368327356974,0.4557086215440562,0,0,10.58627912842055,0,0,0,0,0.25067028738634695,-0.15354037000691656,-0.05299926360479641,1.24609375,0.04924705694147136,0,1,1,1,0,0,0,0,,
0.2509949999996461,1593.073394198011,,,,0.0234375,0.0078125,-1.05859375,-0.05603918613592848,0.03096441788651088,23.223383165736024,0.6838544200797867,0,0,15.88141322709509,0,0,0,0,0.25067028738634695,-0.15354037000691656,-0.05299926360479641,1.248046875,0.06472848934463205,0,1,1,1,0,0,0,0,,
0.27499999999953434,1601.0859957653868,,,,-0.0625,0.005859375,-0.96875,-0.05603918613592848,0.03096441788651088,23.214960985356328,0.942973394195564,0,0,21.891090556479053,0,0,0,0,0.25067028738634695,-0.15354037000691656,-0.05299926360479641,1.248046875,0.08354370543747969,0,1,1,1,0,0,0,0,,
0.2999949999996461,1608.4583481542027,,,,-0.015625,0.154296875,-0.994140625,-0.05603918613592848,0.03164427338591015,23.20582611530372,1.2495100668525674,0,0,28.995913340702202,0,0,0,0,0.25067028738634695,-0.15354037000691656,-0.053732022991278404,1.248046875,0.10679562104091067,0,1,1,1,0,0,0,0,,
0.32899999999953433,1616.41717988807,,,,-0.037109375,-0.03515625,-1.03515625,-0.05603918613592848,0.03164427338591015,23.193015282681724,1.6383230493340446,0,0,37.99765152117422,0,0,0,0,0.25067028738634695,-0.15354037000691656,-0.053732022991278404,1.25390625,0.13754253121316617,0,1,1,1,0,0,0,0,,
0.35199500000011175,1625.5617070832907,,,,0.03125,0.115234375,-0.982421875,-0.05603918613592848,0.03164427338591015,23.1783589621166,2.0768205430540774,0,0,48.13729204680534,0,0,0,0,0.25067028738634695,-0.15354037000691656,-0.053732022991278404,1.251953125,0.17292717074381114,1,1,1,1,0,0,0,0,,
0.3799999999995343,1633.4509946601877,,,,0.078125,0.111328125,-1.091796875,-0.01948207072609809,0.03164427338591015,23.16141024218713,2.6173997381238068,0,0,60.62266910247865,0,0,0,0,0.3319812025729394,-0.07868997190176229,-0.053732022991278404,1.255859375,0.21833446428752357,0,1,1,1,0,0,0,0,,
0.4059949999996461,1645.2174947545168,,,,-0.322265625,0.107421875,-0.9609375,-0.01948207072609809,0.03164427338591015,23.143152355150782,3.1389852674691476,0,0,72.64601428561221,0,0,0,0,0.3319812025729394,-0.07868997190176229,-0.053732022991278404,1.263671875,0.26605600215173464,0,1,1,1,0,0,0,0,,
0.459,1654.807249885535,,,,-0.01953125,0.03515625,-0.982421875,-0.01948207072609809,0.04154884604958081,23.102281270491517,4.410281548391316,0,0,101.88756481299502,0,0,0,0,0.3319812025729394,-0.07868997190176229,-0.06440733354596341,1.271484375,0.3876922002882335,0,1,1,1,0,0,0,0,,
0.4839949999996461,1668.481900525523,,,,0.375,0.57421875,-1.03515625,-0.01948207072609809,0.04154884604958081,23.08304439594781,4.981753506507424,0,0,114.99403736037954,0,0,0,0,0.3319812025729394,-0.07868997190176229,-0.06440733354596341,1.29296875,0.44728655517347793,0,1,1,1,0,0,0,0,,
0.508,1675.8554732041564,,,,-0.19921875,0.21484375,-1.267578125,-0.01948207072609809,0.04154884604958081,23.061533044690975,5.589432476863431,0,0,128.90088176625494,0,0,0,0,0.3319812025729394,-0.07868997190176229,-0.06440733354596341,1.32421875,0.517032144753562,0,1,1,1,0,0,0,0,,
0.5299999999995343,1682.600880945794,,,,1.0625,1.00390625,-0.87109375,0.008848221642201587,0.04154884604958081,23.046962108328895,6.001762861511489,0,0,138.3224012524309,0,0,0,0,0.39153603085275107,-0.017451296663910057,-0.06440733354596341,1.361328125,0.5739997370973087,0,1,1,1,0,0,0,0,,
0.5539999999995343,1685.5218551185255,,,,-0.703125,0.0078125,-1.234375,0.008848221642201587,0.04154884604958081,23.032854601455067,6.367296818696845,0,0,146.65702182935183,0,0,0,0,0.39153603085275107,-0.017451296663910057,-0.06440733354596341,1.37890625,0.6344196414282472,0,1,1,1,0,0,0,0,,
0.576,1692.2121116885903,,,,-0.048828125,0.0390625,-1.154296875,0.008848221642201587,0.04154884604958081,23.01920908866677,6.735766418183612,0,0,155.0520155525886,0,0,0,0,0.39153603085275107,-0.017451296663910057,-0.06440733354596341,1.40625,0.6935928964733229,0,1,1,1,0,0,0,0,,
0.6009999999995344,1698.5739453173903,,,,0.099609375,0.53125,-1.033203125,0.008848221642201587,0.10937123332825043,23.007499303148403,7.07089454373649,0,0,162.68360128765315,0,0,0,0,0.39153603085275107,-0.017451296663910057,-0.13750741280688836,1.447265625,0.7589319979402704,0,1,1,1,0,0,0,0,,
0.625,1705.7571793025545,,,,0,-0.099609375,-1.19921875,0.008848221642201587,0.10937123332825043,22.99353408360128,7.480663442187222,0,0,172.00688982588196,0,0,0,0,0.39153603085275107,-0.017451296663910057,-0.13750741280688836,1.478515625,0.8283713984665009,0,1,1,1,0,0,0,0,,
0.6519999999995343,1712.6053439764298,,,,-0.537109375,-0.42578125,-0.44921875,0.008848221642201587,0.10937123332825043,22.97590109176957,8.006008443926891,0,0,183.94525814753624,0,0,0,0,0.39153603085275107,-0.017451296663910057,-0.13750741280688836,1.51171875,0.9087400516205721,0,1,1,1,0,0,0,0,,
0.6769999999995343,1720.8155646949906,,,,-0.572265625,0.53125,-1.0390625,0.020334032522473938,0.10937123332825043,22.964819301209154,8.307010106018494,0,0,190.768986018033,0,0,0,0,0.41568105151601886,0.0073763977769504595,-0.13750741280688836,1.5625,0.9827546464374453,0,1,1,1,0,0,0,0,,
0.7019950000001117,1727.2751229993598,,,,0,-0.337890625,-1.259765625,0.020334032522473938,0.10937123332825043,22.954466678755548,8.5915939505757,0,0,197.21545705588764,0,0,0,0,0.41568105151601886,0.0073763977769504595,-0.13750741280688836,1.599609375,1.057739437160175,0,1,1,1,0,0,0,0,,
0.7259999999995344,1734.2425040902967,,,,-0.375,-0.826171875,-0.728515625,0.020334032522473938,0.10937123332825043,22.945926041126437,8.851137798331614,0,0,203.0975533003359,0,0,0,0,0.41568105151601886,0.0073763977769504595,-0.13750741280688836,1.646484375,1.1282695520267736,0,1,1,1,0,0,0,0,,
0.7509949999996461,1740.8768370508576,,,,-0.787109375,1.07421875,-1.17578125,0.020334032522473938,0.2161092380054613,22.93803607632191,9.06543326997992,0,0,207.9432353942883,0,0,0,0,0.41568105151601886,0.0073763977769504595,-0.2525513815483282,1.689453125,1.2002539513474013,0,1,1,1,0,0,0,0,,
0.7759950000001118,1747.7293342162038,,,,-0.5234375,0.93359375,-0.525390625,0.020334032522473938,0.2161092380054613,22.93148044709305,9.231796306872953,0,0,211.69875650260295,0,0,0,0,0.41568105151601886,0.0073763977769504595,-0.2525513815483282,1.748046875,1.2682633282943114,0,1,1,1,0,0,0,0,,
0.8009949999996461,1754.2502475697383,,,,-0.8984375,1.1796875,-0.67578125,0.020334032522473938,0.2161092380054613,22.924334040079607,9.423096459565233,0,0,216.0182109309649,0,0,0,0,0.41568105151601886,0.0073763977769504595,-0.2525513815483282,1.81640625,1.340878372537715,0,1,1,1,0,0,0,0,,
0.8269950000001117,1760.9813659994106,,,,-1.673828125,0.626953125,-0.54296875,0.007908946799499841,0.2161092380054613,22.916997488254722,9.624146745437187,0,0,220.55654679177889,0,0,0,0,0.39675627743947467,-0.026207756479744687,-0.2525513815483282,1.884765625,1.4149603995928532,0,1,1,1,0,0,0,0,,
0.8499949999996461,1768.7086813849378,,,,0.25,-0.208984375,-0.974609375,0.007908946799499841,0.2161092380054613,22.90959985041099,9.875816479071473,0,0,226.2510037316222,0,0,0,0,0.39675627743947467,-0.026207756479744687,-0.2525513815483282,1.93359375,1.492739358531718,0,1,1,1,0,0,0,0,,
0.875,1774.7739314220398,,,,-0.9609375,-0.3359375,-0.2421875,0.007908946799499841,0.2161092380054613,22.90240355758472,10.062290777433223,0,0,230.45064409853856,0,0,0,0,0.39675627743947467,-0.026207756479744687,-0.2525513815483282,1.978515625,1.5683763621364029,1,1,1,1,0,0,0,0,,
0.9009950000001118,1781.0416889260653,,,,-0.6875,-0.1640625,-0.6015625,0.007908946799499841,0.29970664352964604,22.89715435192979,10.254238964331684,0,0,234.79289232787522,0,0,0,0,0.39675627743947467,-0.026207756479744687,-0.34265403371120057,2.01953125,1.6451756176172991,0,1,1,1,0,0,0,0,,
0.9269999999995343,1787.5026260216393,,,,-0.796875,0.453125,-1.228515625,0.007908946799499841,0.29970664352964604,22.889159703052822,10.465075021265125,0,0,239.53677346616635,0,0,0,0,0.39675627743947467,-0.026207756479744687,-0.34265403371120057,2.064453125,1.726611836074857,0,1,1,1,0,0,0,0,,
0.951,1794.6545841400034,,,,-1.125,0.041015625,-0.681640625,0.007908946799499841,0.29970664352964604,22.88166810531951,10.648424440146332,0,0,243.65371388400106,0,0,0,0,0.39675627743947467,-0.026207756479744687,-0.34265403371120057,2.115234375,1.8021201167885539,0,1,1,1,0,0,0,0,,
0.9789950000001117,1799.958825075544,,,,-1.609375,-0.10546875,-0.39453125,-0.006123195478702702,0.29970664352964604,22.874012984985857,10.854246175809983,0,0,248.28016796771064,0,0,0,0,0.37215899412320497,-0.06112093423604439,-0.34265403371120057,2.154296875,1.8880051143901029,1,1,1,1,0,0,0,0,,
1.008,1807.6931850895858,,,,-0.572265625,-0.638671875,-0.857421875,-0.006123195478702702,0.29970664352964604,22.866407283991762,11.026793787603093,0,0,252.14315778392248,0,0,0,0,0.37215899412320497,-0.06112093423604439,-0.34265403371120057,2.185546875,1.9843638752292176,0,1,1,1,0,0,0,0,,
1.055994999999646,1818.7119948743448,,,,-1.09375,0.392578125,-0.580078125,-0.006123195478702702,0.35113537620612884,22.859032379891822,11.175636916095481,0,0,255.46424613094098,0,0,0,0,0.37215899412320497,-0.06112093423604439,-0.39808476367788476,2.244140625,2.128134447050765,0,1,1,1,0,0,0,0,,
1.120994999999646,1832.3023095722485,,,,-1.109375,0.11328125,-0.4921875,-0.011698107324366784,0.35113537620612884,22.837653489781243,11.676297593561822,0,0,266.65923848533146,0,0,0,0,0.3623865956246492,-0.074991794749319,-0.39808476367788476,2.30859375,2.3377875368635403,0,1,1,1,0,0,0,0,,
1.1539949999996462,1841.1268045546983,,,,-1.986328125,0.796875,0.201171875,-0.011698107324366784,0.35113537620612884,22.828575691153713,11.894779352502155,0,0,271.5408707781678,0,0,0,0,0.3623865956246492,-0.074991794749319,-0.39808476367788476,2.3671875,2.440305521021332,0,1,1,1,0,0,0,0,,
1.1769999999995344,1848.857722525823,,,,-0.36328125,0.59765625,-0.859375,-0.011698107324366784,0.35113537620612884,22.822254765375433,12.067714120739826,0,0,275.4124460992429,0,0,0,0,0.3623865956246492,-0.074991794749319,-0.39808476367788476,2.40625,2.523579326025797,0,1,1,1,0,0,0,0,,
1.201,1853.5533905932737,,,,-1.2109375,0.25390625,-0.0546875,-0.011698107324366784,0.38417382339459155,22.81670476274438,12.21874819333647,0,0,278.79157009767454,0,0,0,0,0.3623865956246492,-0.074991794749319,-0.43369414289674435,2.455078125,2.6063885571198724,0,1,1,1,0,0,0,0,,
1.2249949999996461,1859.0631488815943,,,,-0.548828125,0.361328125,-0.39453125,-0.011698107324366784,0.38417382339459155,22.8107069076743,12.362082719248225,0,0,281.9878456771966,0,0,0,0,0.3623865956246492,-0.074991794749319,-0.43369414289674435,2.498046875,2.686296241864285,0,1,1,1,0,0,0,0,,
1.25,1864.2691849626362,,,,-0.15625,-1.078125,-0.9140625,-0.011698107324366784,0.38417382339459155,22.805607997630627,12.500198043052992,0,0,285.074616462616,0,0,0,0,0.3623865956246492,-0.074991794749319,-0.43369414289674435,2.51953125,2.7664149873737736,0,1,1,1,0,0,0,0,,
1.2749999999995343,1869.8155474893047,,,,-1.298828125,0.99609375,-0.197265625,-0.013844055405005504,0.38417382339459155,22.79972689453729,12.644849345566588,0,0,288.29911170148677,0,0,0,0,0.35944822483821753,-0.08110078586248722,-0.43369414289674435,2.55859375,2.853405748561691,1,1,1,1,0,0,0,0,,
1.299994999999646,1875.0555348152297,,,,-0.974609375,-0.84765625,-1.046875,-0.013844055405005504,0.38417382339459155,22.792608937684584,12.813641751410074,0,0,292.0563255074776,0,0,0,0,0.35944822483821753,-0.08110078586248722,-0.43369414289674435,2.583984375,2.9391072493232264,0,1,1,1,0,0,0,0,,
1.3269950000001118,1880.2029828000154,,,,-0.7109375,-1.79296875,-0.47265625,-0.013844055405005504,0.38417382339459155,22.78474258755932,13.047612880156358,0,0,297.2865008564861,0,0,0,0,0.35944822483821753,-0.08110078586248722,-0.43369414289674435,2.599609375,3.0289888003002905,0,1,1,1,0,0,0,0,,
1.3509999999995344,1885.8566945698874,,,,-1.09375,0.673828125,-0.255859375,-0.013844055405005504,0.4112922517349963,22.778147983754955,13.276545064759038,0,0,302.41510819807286,0,0,0,0,0.35944822483821753,-0.08110078586248722,-0.4629228288905026,2.66015625,3.1228544752029763,0,1,1,1,0,0,0,0,,
1.3759949999996461,1890.2152036691648,,,,0.34375,-0.5546875,-0.53515625,-0.013844055405005504,0.4112922517349963,22.770441976882925,13.426988102611801,0,0,305.73845351481935,0,0,0,0,0.35944822483821753,-0.08110078586248722,-0.4629228288905026,2.705078125,3.2072104562843795,1,1,1,1,0,0,0,0,,
1.4009950000001117,1895.077506187845,,,,-0.69921875,-0.296875,-0.65234375,-0.013844055405005504,0.4112922517349963,22.76185104127807,13.655163200775462,0,0,310.81679072039293,0,0,0,0,0.35944822483821753,-0.08110078586248722,-0.4629228288905026,2.732421875,3.302703442177694,0,1,1,1,0,0,0,0,,
1.424994999999646,1899.8423292435452,,,,-0.099609375,-1.3671875,-0.60546875,-0.01284250737171471,0.4112922517349963,22.75327258332222,13.862623042974747,0,0,315.42004081664817,0,0,0,0,0.3630848746046337,-0.08036734112423359,-0.4629228288905026,2.759765625,3.3916011475070857,0,1,1,1,0,0,0,0,,
1.4499950000001118,1904.3237591698005,,,,-0.4375,-0.38671875,0.10546875,-0.01284250737171471,0.4112922517349963,22.743916732250664,14.135118240122171,0,0,321.48795225385624,0,0,0,0,0.3630848746046337,-0.08036734112423359,-0.4629228288905026,2.779296875,3.4882273037155227,0,1,1,1,0,0,0,0,,
1.4759999999995344,1909.0748587125117,,,,0.25,-0.775390625,-0.35546875,-0.01284250737171471,0.4112922517349963,22.733193951823473,14.447952774314732,0,0,328.4481126252828,0,0,0,0,0.3630848746046337,-0.08036734112423359,-0.4629228288905026,2.810546875,3.5883710173517973,1,1,1,1,0,0,0,0,,
1.503994999999646,1913.540287137281,,,,-0.3984375,-0.708984375,-0.423828125,-0.01284250737171471,0.43622047527707136,22.723507127950267,14.716353253260309,0,0,334.4071580478947,0,0,0,0,0.3630848746046337,-0.08036734112423359,-0.48979087629898493,2.806640625,3.6912453011692716,0,1,1,1,0,0,0,0,,
1.5269999999995343,1918.7640200210708,,,,-0.82421875,-1.41796875,0.013671875,-0.01284250737171471,0.43622047527707136,22.713712898323116,14.99726848892298,0,0,340.6436507164647,0,0,0,0,0.3630848746046337,-0.08036734112423359,-0.48979087629898493,2.814453125,3.792643637438782,0,1,1,1,0,0,0,0,,
1.549994999999646,1922.3322143603784,,,,-0.537109375,-0.091796875,0.12890625,-0.01284250737171471,0.43622047527707136,22.70558030595231,15.197033652978309,0,0,345.0574680199588,0,0,0,0,0.3630848746046337,-0.08036734112423359,-0.48979087629898493,2.80078125,3.887527367560525,0,1,1,1,0,0,0,0,,
1.5749950000001118,1926.155850270396,,,,-0.173828125,-0.068359375,-0.478515625,-0.009969814463628143,0.43622047527707136,22.699400983792838,15.314165815606255,0,0,347.6223905807393,0,0,0,0,0.36917870321870166,-0.07420912288992064,-0.48979087629898493,2.8125,3.9823371495068387,1,1,1,1,0,0,0,0,,
1.6009999999995344,1930.2110084834544,,,,-0.63671875,-0.880859375,0.185546875,-0.009969814463628143,0.43622047527707136,22.693363312931286,15.4959062472285,0,0,351.65423033147795,0,0,0,0,0.36917870321870166,-0.07420912288992064,-0.48979087629898493,2.82421875,4.08076970653673,0,1,1,1,0,0,0,0,,
1.625,1934.3157572190958,,,,0.25,-1.224609375,-0.888671875,-0.009969814463628143,0.43622047527707136,22.68730418505795,15.686528905252302,0,0,355.88505288116306,0,0,0,0,0.36917870321870166,-0.07420912288992064,-0.48979087629898493,2.80859375,4.180350735052587,0,1,1,1,0,0,0,0,,
1.6539949999996462,1938.0019061635505,,,,-0.25,-0.154296875,-0.142578125,-0.009969814463628143,0.4666479038196787,22.68001690446991,15.867982517391468,0,0,359.8861117342715,0,0,0,0,0.36917870321870166,-0.07420912288992064,-0.5225860568789858,2.771484375,4.287380063757714,0,1,1,1,0,0,0,0,,
1.6769999999995344,1942.6156556662277,,,,0.46875,-0.7890625,-1.04296875,-0.009969814463628143,0.4666479038196787,22.6756880231307,15.952866130815792,0,0,361.74221545714704,0,0,0,0,0.36917870321870166,-0.07420912288992064,-0.5225860568789858,2.765625,4.382554117598088,0,1,1,1,0,0,0,0,,
1.6999950000001118,1945.788160907635,,,,0.28125,-0.4609375,-0.04296875,-0.009969814463628143,0.4666479038196787,22.673714606890123,16.00191708972762,0,0,362.82290125560183,0,0,0,0,0.36917870321870166,-0.07420912288992064,-0.5225860568789858,2.75,4.468502463167281,0,1,1,1,0,0,0,0,,
1.7249949999996461,1949.0137878803077,,,,-0.298828125,-0.34765625,-0.572265625,-0.007485241441728911,0.4666479038196787,22.671580132981713,16.039700037218044,0,0,363.64534470277863,0,0,0,0,0.3717077512476554,-0.06632002102072262,-0.5225860568789858,2.748046875,4.5607496868103095,0,1,1,1,0,0,0,0,,
1.75,1952.4135262330099,,,,0.32421875,-0.390625,-1.08984375,-0.007485241441728911,0.4666479038196787,22.669493716780277,16.07151214696222,0,0,364.33304363471797,0,0,0,0,0.3717077512476554,-0.06632002102072262,-0.5225860568789858,2.71875,4.652266885044471,0,1,1,1,0,0,0,0,,
1.7749999999995343,1955.57226732575,,,,-0.32421875,-1.177734375,-0.18359375,-0.007485241441728911,0.4666479038196787,22.66732865237459,16.101849481365612,0,0,364.9859141051817,0,0,0,0,0.3717077512476554,-0.06632002102072262,-0.5225860568789858,2.71484375,4.739672601332673,1,1,1,1,0,0,0,0,,
1.8009949999996462,1958.7524545818912,,,,-0.0859375,-0.255859375,-0.87890625,-0.007485241441728911,0.49375752684949054,22.663004747662992,16.15974364523804,0,0,366.2283469530466,0,0,0,0,0.3717077512476554,-0.06632002102072262,-0.5518052523648442,2.689453125,4.838782570127654,0,1,1,1,0,0,0,0,,
1.827994999999646,1961.9397662556435,,,,0.173828125,-0.513671875,-0.2421875,-0.007485241441728911,0.49375752684949054,22.65873366032135,16.253664979145725,0,0,368.28746576655556,0,0,0,0,0.3717077512476554,-0.06632002102072262,-0.5518052523648442,2.685546875,4.928885774831148,0,1,1,1,0,0,0,0,,
1.8499949999996461,1965.3493731698466,,,,0.63671875,0.17578125,-1.091796875,-0.007485241441728911,0.49375752684949054,22.65462375440838,16.35225077631347,0,0,370.454088875114,0,0,0,0,0.3717077512476554,-0.06632002102072262,-0.5518052523648442,2.671875,5.022779568038175,0,1,1,1,0,0,0,0,,
1.8759949999996461,1967.9437408525175,,,,0.224609375,-1.37109375,-0.0625,-0.006324620872066109,0.49375752684949054,22.651083657073656,16.448035519545556,0,0,372.56582854774535,0,0,0,0,0.3727574619362626,-0.06251167035045077,-0.5518052523648442,2.64453125,5.116576765432045,1,1,1,1,0,0,0,0,,
1.8999999999995343,1970.5467092650774,,,,-0.048828125,0,-0.939453125,-0.006324620872066109,0.49375752684949054,22.647444220375064,16.523025632099486,0,0,374.2043013548005,0,0,0,0,0.3727574619362626,-0.06251167035045077,-0.5518052523648442,2.62890625,5.209268266259352,0,1,1,1,0,0,0,0,,
1.9269999999995344,1973.0426794137727,,,,0.287109375,-0.24609375,-0.9609375,-0.006324620872066109,0.49375752684949054,22.64525523404935,16.55583571191558,0,0,374.91112530931747,0,0,0,0,0.3727574619362626,-0.06251167035045077,-0.5518052523648442,2.6015625,5.3030782465541915,0,1,1,1,0,0,0,0,,
1.9539999999995343,1976.1073609248979,,,,0.162109375,-0.625,-0.408203125,-0.006324620872066109,0.5076814081100299,22.641946298674334,16.600156716281994,0,0,375.859856919635,0,0,0,0,0.3727574619362626,-0.06251167035045077,-0.5668126395212861,2.583984375,5.400527677087773,0,1,1,1,0,0,0,0,,
1.9859950000001119,1979.7947362096909,,,,0.51953125,-0.05078125,-0.638671875,-0.006324620872066109,0.5076814081100299,22.638665672946804,16.724243475680403,0,0,378.6145566788905,0,0,0,0,0.3727574619362626,-0.06251167035045077,-0.5668126395212861,2.580078125,5.512378684455548,0,1,1,1,0,0,0,0,,
2.025995000000112,1982.935799085147,,,,0.513671875,-0.279296875,-0.716796875,-0.005165788207135344,0.5076814081100299,22.631860256099767,16.918423203909168,0,0,382.89538970442794,0,0,0,0,0.3767532956956201,-0.06146492668023562,-0.5668126395212861,2.568359375,5.6703710373692005,0,1,1,1,0,0,0,0,,
2.0539999999995344,1984.9104857023453,,,,-0.96875,-0.373046875,-0.794921875,-0.005165788207135344,0.5076814081100299,22.627633210604337,17.02330642735708,0,0,385.1971338699594,0,0,0,0,0.3767532956956201,-0.06146492668023562,-0.5668126395212861,2.5625,5.774604418164303,0,1,1,1,0,0,0,0,,
2.0769950000001116,1986.5492554910634,,,,0.64453125,-0.40625,-0.845703125,-0.005165788207135344,0.5076814081100299,22.623827984331363,17.08734700400064,0,0,386.58119932709036,0,0,0,0,0.3767532956956201,-0.06146492668023562,-0.5668126395212861,2.55078125,5.862540859547602,0,1,1,1,0,0,0,0,,
2.101995000000112,1988.0950590977764,,,,-0.109375,-1.583984375,-1.474609375,-0.005165788207135344,0.5201864520992991,22.619801265849972,17.177934611168865,0,0,388.56146706240554,0,0,0,0,0.3767532956956201,-0.06146492668023562,-0.5802907806403975,2.5390625,5.951707295918807,0,1,1,1,0,0,0,0,,
2.1279999999995343,1989.7384337111957,,,,-0.32421875,-0.31640625,-0.6328125,-0.005165788207135344,0.5201864520992991,22.616154588518768,17.2822994080524,0,0,390.85915505757947,0,0,0,0,0.3767532956956201,-0.06146492668023562,-0.5802907806403975,2.5390625,6.048675239800602,0,1,1,1,0,0,0,0,,
2.1549999999995344,1991.2609726942103,,,,0.541015625,-1.041015625,-0.529296875,-0.005165788207135344,0.5201864520992991,22.61333789645132,17.36044237294351,0,0,392.5775494112427,0,0,0,0,0.3767532956956201,-0.06146492668023562,-0.5802907806403975,2.546875,6.1372740889971436,0,1,1,1,0,0,0,0,,
2.1789999999995344,1992.822297574499,,,,-0.38671875,0.544921875,-0.7265625,-0.004979868481857206,0.5201864520992991,22.609454894659386,17.444231685719668,0,0,394.4045694702669,0,0,0,0,0.37842955750062274,-0.06226474597445213,-0.5802907806403975,2.548828125,6.236614744541267,0,1,1,1,0,0,0,0,,
2.202994999999646,1993.9907288919746,,,,1.13671875,-1.083984375,-1.396484375,-0.004979868481857206,0.5201864520992991,22.606457130612018,17.526758464209603,0,0,396.21791385974575,0,0,0,0,0.37842955750062274,-0.06226474597445213,-0.5802907806403975,2.560546875,6.3252363212986324,0,1,1,1,0,0,0,0,,
2.225999999999534,1995.143745659675,,,,0.625,0.603515625,-0.060546875,-0.004979868481857206,0.5201864520992991,22.6030716189781,17.589516248101074,0,0,397.5770954990075,0,0,0,0,0.37842955750062274,-0.06226474597445213,-0.5802907806403975,2.576171875,6.412731902228577,0,1,1,1,0,0,0,0,,
2.251994999999646,1996.0966273334368,,,,-0.0859375,-0.884765625,-1.494140625,-0.004979868481857206,0.5336418063177734,22.5992159340781,17.679736552654543,0,0,399.54818401105354,0,0,0,0,0.37842955750062274,-0.06226474597445213,-0.5947931816811174,2.568359375,6.505052061543022,0,1,1,1,0,0,0,0,,
2.2769999999995343,1997.0490334105523,,,,-0.0859375,1.125,-0.43359375,-0.004979868481857206,0.5336418063177734,22.595396515869957,17.74641076262721,0,0,400.987187915064,0,0,0,0,0.37842955750062274,-0.06226474597445213,-0.5947931816811174,2.55859375,6.596068696074607,0,1,1,1,0,0,0,0,,
2.301999999999534,1997.8687929227603,,,,-0.51171875,-3.0390625,-0.587890625,-0.004979868481857206,0.5336418063177734,22.59251865727427,17.803243373223925,0,0,402.22010806955603,0,0,0,0,0.37842955750062274,-0.06226474597445213,-0.5947931816811174,2.591796875,6.686346812548969,0,1,1,1,0,0,0,0,,
2.3309999999995346,1998.483217125023,,,,2.224609375,0.666015625,-1.564453125,-0.005355881415976277,0.5336418063177734,22.58973514122238,17.8556975220352,0,0,403.35547778455594,0,0,0,0,0.3777234634783942,-0.0631563861978621,-0.5947931816811174,2.611328125,6.77614461670348,0,1,1,1,0,0,0,0,,
2.3549949999996462,1999.352595014576,,,,0.412109375,2.56640625,-0.376953125,-0.005355881415976277,0.5336418063177734,22.586587808686488,17.91293637461375,0,0,404.5921103366277,0,0,0,0,0.3777234634783942,-0.0631563861978621,-0.5947931816811174,2.6484375,6.876309413028478,1,1,1,1,0,0,0,0,,
2.3779999999995343,1999.502555747626,,,,-0.1875,-3.654296875,-0.4296875,-0.005355881415976277,0.5336418063177734,22.584628809072225,17.977658048552453,0,0,406.01873388298685,0,0,0,0,0.3777234634783942,-0.0631563861978621,-0.5947931816811174,2.666015625,6.9592199308525515,0,1,1,1,0,0,0,0,,
2.4019999999995343,1999.7819962824956,,,,-1.09375,1.28125,-2.341796875,-0.005355881415976277,0.5434944665621996,22.582361279780095,18.042275380873065,0,0,407.43718096015755,0,0,0,0,0.3777234634783942,-0.0631563861978621,-0.6054125401805348,2.6796875,7.048903315193488,0,1,1,1,0,0,0,0,,
2.4279950000001116,1999.9477907013472,,,,-0.0625,-0.419921875,-0.611328125,-0.005355881415976277,0.5434944665621996,22.57905262918355,18.10168951871358,0,0,408.7190003201742,0,0,0,0,0.3777234634783942,-0.0631563861978621,-0.6054125401805348,2.65625,7.138110047305352,0,1,1,1,0,0,0,0,,
2.4539999999995343,1999.9996052158758,,,,-0.0625,0.970703125,0.330078125,-0.005355881415976277,0.5434944665621996,22.575735873616196,18.14561444853949,0,0,409.65059905470133,0,0,0,0,0.3777234634783942,-0.0631563861978621,-0.6054125401805348,2.6328125,7.229672532708685,0,1,1,1,0,0,0,0,,
2.475999999999534,1999.9169989234815,,,,-0.0625,3.30859375,-0.369140625,-0.005969888386272841,0.5434944665621996,22.573552629439998,18.199755013048495,0,0,410.8331276299646,0,0,0,0,0.37742628819164614,-0.06541247238917616,-0.6054125401805348,2.677734375,7.3077504015316705,0,1,1,1,0,0,0,0,,
2.5039949999996463,1999.7433135551785,,,,-0.0625,1.55859375,-0.294921875,-0.005969888386272841,0.5434944665621996,22.570611053048804,18.234995152912646,0,0,411.5749831506215,0,0,0,0,0.37742628819164614,-0.06541247238917616,-0.6054125401805348,2.71484375,7.39827792346796,0,1,1,1,0,0,0,0,,
2.5269999999995343,1999.352595014576,,,,-0.25,-0.74609375,-1.5546875,-0.005969888386272841,0.5434944665621996,22.56907143090792,18.24966550621569,0,0,411.8780043999582,0,0,0,0,0.37742628819164614,-0.06541247238917616,-0.6054125401805348,2.681640625,7.483846533927267,0,1,1,1,0,0,0,0,,
2.5529950000001116,1998.9122707287206,,,,-0.984375,-2.755859375,-1.90625,-0.005969888386272841,0.5518373041349198,22.56650447328033,18.310981376463058,0,0,413.2148431421064,0,0,0,0,0.37742628819164614,-0.06541247238917616,-0.6144045870886017,2.654296875,7.574724029573252,0,1,1,1,0,0,0,0,,
2.577994999999646,1998.383835428818,,,,-1.412109375,-3.3203125,-1.453125,-0.005969888386272841,0.5518373041349198,22.564464147634176,18.381249160141866,0,0,414.76303766275197,0,0,0,0,0.37742628819164614,-0.06541247238917616,-0.6144045870886017,2.66015625,7.662521325115007,0,1,1,1,0,0,0,0,,
2.6029999999995344,1997.7214592878915,,,,-1.048828125,-2.04296875,-1.453125,-0.005969888386272841,0.5518373041349198,22.562597908815164,18.47062264696473,0,0,416.74523190892046,0,0,0,0,0.37742628819164614,-0.06541247238917616,-0.6144045870886017,2.64453125,7.751194872736878,0,1,1,1,0,0,0,0,,
2.631994999999646,1996.6984080968127,,,,-0.111328125,1.515625,-1.13671875,-0.006185789845638709,0.5518373041349198,22.558843257034532,18.54364207413204,0,0,418.3231149648954,0,0,0,0,0.37750507150005264,-0.0663771137526576,-0.6144045870886017,2.625,7.852396838610403,0,1,1,1,0,0,0,0,,
2.7059999999995346,1994.9674657222624,,,,0.5,-1.1015625,-1.15625,-0.006185789845638709,0.5595323373703822,22.55188523149461,18.772812451605315,0,0,423.362311880976,0,0,0,0,0.37750507150005264,-0.0663771137526576,-0.6226984198774198,2.68359375,8.108240899838766,0,1,1,1,0,0,0,0,,
2.7289950000001117,1992.2270849799902,,,,1.1875,-1.068359375,-0.982421875,-0.006185789845638709,0.5595323373703822,22.5496100198914,18.7837037474757,0,0,423.56519423474964,0,0,0,0,0.37750507150005264,-0.0663771137526576,-0.6226984198774198,2.6640625,8.188932594481496,0,1,1,1,0,0,0,0,,
2.756994999999646,1990.8468642731996,,,,0.287109375,2.73046875,-0.43359375,-0.006185789845638709,0.5595323373703822,22.547848635607224,18.77717055105904,0,0,423.3847993902607,0,0,0,0,0.37750507150005264,-0.0663771137526576,-0.6226984198774198,2.69921875,8.281380756352771,0,1,1,1,0,0,0,0,,
2.778994999999646,1989.2256819389945,,,,1.2734375,0.72265625,-1.640625,-0.005663417578141029,0.5595323373703822,22.546722403697444,18.76865441059455,0,0,423.171640886607,0,0,0,0,0.3778186632329136,-0.06451453597407938,-0.6226984198774198,2.703125,8.353217036631397,0,1,1,1,0,0,0,0,,
2.8039999999995344,1987.6827132709543,,,,-0.75,-0.734375,-0.98046875,-0.005663417578141029,0.5595323373703822,22.544479554686642,18.79252453988461,0,0,423.6676852703756,0,0,0,0,0.3778186632329136,-0.06451453597407938,-0.6226984198774198,2.69921875,8.432718808816816,0,1,1,1,0,0,0,0,,
2.829994999999646,1985.9640795357714,,,,-0.9375,-0.77734375,-1.6640625,-0.005663417578141029,0.5595323373703822,22.542604304225115,18.789448712904854,0,0,423.563107429546,0,0,0,0,0.3778186632329136,-0.06451453597407938,-0.6226984198774198,2.6796875,8.513615724804357,0,1,1,1,0,0,0,0,,
2.8549949999996462,1982.690819416637,,,,-0.0625,1.27734375,-0.17578125,-0.005663417578141029,0.5665557861407567,22.540815122917532,18.809096678062527,0,0,423.97237084928975,0,0,0,0,0.3778186632329136,-0.06451453597407938,-0.6302684079359335,2.68359375,8.60147517682774,1,1,1,1,0,0,0,0,,
2.8799999999995345,1980.495916598837,,,,0,-1.423828125,-1.703125,-0.005663417578141029,0.5665557861407567,22.540374871177775,18.86249648043364,0,0,425.1677416752457,0,0,0,0,0.3778186632329136,-0.06451453597407938,-0.6302684079359335,2.650390625,8.68421054843345,0,1,1,1,0,0,0,0,,
2.903994999999646,1979.7062359270215,,,,1.13671875,-2.00390625,-1.44140625,-0.005663417578141029,0.5665557861407567,22.540695476162863,18.922913672318334,0,0,426.5356346094463,0,0,0,0,0.3778186632329136,-0.06451453597407938,-0.6302684079359335,2.6171875,8.76391185190376,0,1,1,1,0,0,0,0,,
2.9279950000001116,1977.5254964908806,,,,0.25,2.767578125,-0.404296875,-0.005423180332129835,0.5665557861407567,22.541964350654037,18.895748692965718,0,0,425.94729341575083,0,0,0,0,0.3780332298389926,-0.06372370754298294,-0.6302684079359335,2.615234375,8.838744426774156,0,1,1,1,0,0,0,0,,
2.954994999999646,1975.2361718748423,,,,0.5,1.87890625,-0.673828125,-0.005423180332129835,0.5665557861407567,22.541125012162,18.891545520808485,0,0,425.8366892574931,0,0,0,0,0.3780332298389926,-0.06372370754298294,-0.6302684079359335,2.66015625,8.923461650470339,0,1,1,1,0,0,0,0,,
2.976995000000112,1972.5315375899024,,,,1.111328125,0.806640625,-0.0859375,-0.005423180332129835,0.5665557861407567,22.541753633949476,18.804900082491763,0,0,423.8954247705655,0,0,0,0,0.3780332298389926,-0.06372370754298294,-0.6302684079359335,2.65625,8.987488853552671,0,1,1,1,0,0,0,0,,
3.0039949999996463,1970.1202959470056,,,,0.875,0.353515625,0.1875,-0.005423180332129835,0.5694386964215038,22.542273180450003,18.675319770655282,0,0,420.9841600023703,0,0,0,0,0.3780332298389926,-0.06372370754298294,-0.6333756558297425,2.640625,9.057320454882523,0,1,1,1,0,0,0,0,,
3.0279950000001117,1967.164471228306,,,,0.634765625,1.728515625,-0.392578125,-0.005423180332129835,0.5694386964215038,22.54467129588867,18.541594210664154,0,0,418.01414678117567,0,0,0,0,0.3780332298389926,-0.06372370754298294,-0.6333756558297425,2.63671875,9.128313855001663,0,1,1,1,0,0,0,0,,
3.0539999999995344,1964.5404680453805,,,,0.5625,0.70703125,-0.9609375,-0.005423180332129835,0.5694386964215038,22.547378336819058,18.40369846159568,0,0,414.9551520103327,0,0,0,0,0.3780332298389926,-0.06372370754298294,-0.6333756558297425,2.671875,9.197445785529073,0,1,1,1,0,0,0,0,,
3.077994999999646,1961.2151440951334,,,,1.484375,-3.18359375,-1.86328125,-0.005469813813849025,0.5694386964215038,22.550073661285232,18.340065217073526,0,0,413.5698215977832,0,0,0,0,0.3780413528449609,-0.06392375011752859,-0.6333756558297425,2.671875,9.263177277877572,0,1,1,1,0,0,0,0,,
3.100999999999534,1958.3767933498962,,,,-0.0625,0.9453125,-0.3671875,-0.005469813813849025,0.5694386964215038,22.55268285513731,18.246029875761398,0,0,411.4969251534072,0,0,0,0,0.3780413528449609,-0.06392375011752859,-0.6333756558297425,2.66015625,9.323473475917298,0,1,1,1,0,0,0,0,,
3.1289949999996463,1955.57226732575,,,,-1.88671875,-1.193359375,-0.953125,-0.005469813813849025,0.5694386964215038,22.55543427784773,18.139697615388442,0,0,409.1487573839252,0,0,0,0,0.3780413528449609,-0.06392375011752859,-0.6333756558297425,2.697265625,9.395829556778361,0,1,1,1,0,0,0,0,,
3.1519999999995343,1951.8770479136576,,,,1.474609375,1.29296875,-0.1640625,-0.005469813813849025,0.5697852173607403,22.557176616114518,18.046812094815447,0,0,407.08512778058366,0,0,0,0,0.3780413528449609,-0.06392375011752859,-0.6337491417705968,2.716796875,9.453817408587186,0,1,1,1,0,0,0,0,,
3.1779950000001116,1948.875488291231,,,,0,-2.669921875,-1.28515625,-0.005469813813849025,0.5697852173607403,22.559946267306742,17.949040780364445,0,0,404.92939555471935,0,0,0,0,0.3780413528449609,-0.06392375011752859,-0.6337491417705968,2.720703125,9.513094013912696,0,1,1,1,0,0,0,0,,
3.2019950000001116,1944.787938189169,,,,-0.853515625,-0.2890625,-0.548828125,-0.005469813813849025,0.5697852173607403,22.562842322022675,17.836433029673188,0,0,402.4406260358333,0,0,0,0,0.3780413528449609,-0.06392375011752859,-0.6337491417705968,2.716796875,9.575628642716481,0,1,1,1,0,0,0,0,,
3.225999999999534,1941.735723343163,,,,1.109375,0.8671875,-0.626953125,-0.008392280759495253,0.5697852173607403,22.565589195891864,17.72872290165896,0,0,400.05907796663604,0,0,0,0,0.3720634335744307,-0.07039573720119008,-0.6337491417705968,2.732421875,9.631889068598431,0,1,1,1,0,0,0,0,,
3.2529999999995343,1937.850299388953,,,,0.361328125,-0.9140625,-1.01953125,-0.008392280759495253,0.5697852173607403,22.56983944397319,17.60951377611405,0,0,397.44389861332814,0,0,0,0,0.3720634335744307,-0.07039573720119008,-0.6337491417705968,2.734375,9.693810909032502,0,1,1,1,0,0,0,0,,
3.275995000000112,1933.848027127527,,,,-0.259765625,-0.955078125,-0.59375,-0.008392280759495253,0.5697852173607403,22.573353928692864,17.49526541544879,0,0,394.92681829934537,0,0,0,0,0.3720634335744307,-0.07039573720119008,-0.6337491417705968,2.7265625,9.744677862902597,0,1,1,1,0,0,0,0,,
3.301999999999534,1930.2110084834546,,,,-0.986328125,-0.302734375,-0.849609375,-0.008392280759495253,0.56003248751525,22.57615861800359,17.38176000107712,0,0,392.41337084438726,0,0,0,0,0.3720634335744307,-0.07039573720119008,-0.6232374898910125,2.71484375,9.801588663159352,0,1,1,1,0,0,0,0,,
3.3289999999995343,1925.991450124165,,,,1.546875,-0.80859375,-1.04296875,-0.008392280759495253,0.56003248751525,22.578310618034756,17.29063871635264,0,0,390.3934117220276,0,0,0,0,0.3720634335744307,-0.07039573720119008,-0.6232374898910125,2.71484375,9.853640050528316,0,1,1,1,0,0,0,0,,
3.351995000000112,1921.3202060802162,,,,-0.40625,0.7578125,-0.734375,-0.008392280759495253,0.56003248751525,22.579767923588516,17.20312007391704,0,0,388.44245883067373,0,0,0,0,0.3720634335744307,-0.07039573720119008,-0.6232374898910125,2.7265625,9.909393827875238,0,1,1,1,0,0,0,0,,
3.376994999999646,1917.0392168065855,,,,0.109375,-0.1015625,-0.56640625,-0.009626747920740692,0.56003248751525,22.58196633288021,17.10109167770682,0,0,386.1762765214733,0,0,0,0,0.36953832544855797,-0.07312954246618618,-0.6232374898910125,2.708984375,9.95869553719095,0,1,1,1,0,0,0,0,,
3.400995000000112,1913.363621818265,,,,0.5,-1.013671875,-1.17578125,-0.009626747920740692,0.56003248751525,22.583486724019263,17.044619579834265,0,0,384.9269399971459,0,0,0,0,0.36953832544855797,-0.07312954246618618,-0.6232374898910125,2.68359375,10.011526812515188,0,1,1,1,0,0,0,0,,
3.426999999999534,1908.8941347487003,,,,-0.611328125,-0.234375,-0.951171875,-0.009626747920740692,0.56003248751525,22.585820206820067,16.978005282429603,0,0,383.4621747793964,0,0,0,0,0.36953832544855797,-0.07312954246618618,-0.6232374898910125,2.677734375,10.065137002105114,0,1,1,1,0,0,0,0,,
3.452994999999646,1904.1388615315104,,,,-0.8359375,-0.791015625,-0.2265625,-0.009626747920740692,0.5469091341161623,22.58903849372748,16.86517854127283,0,0,380.9681672723986,0,0,0,0,0.36953832544855797,-0.07312954246618618,-0.6090929247682783,2.6640625,10.11313400007047,0,1,1,1,0,0,0,0,,
3.475999999999534,1899.2757365167624,,,,0.486328125,0.451171875,-1.2265625,-0.009626747920740692,0.5469091341161623,22.591936659586054,16.76643036549578,0,0,378.7861328246409,0,0,0,0,0.36953832544855797,-0.07312954246618618,-0.6090929247682783,2.66796875,10.158543234468464,0,1,1,1,0,0,0,0,,
3.5039949999996463,1894.6920934891273,,,,-0.57421875,-0.115234375,0.0703125,-0.009626747920740692,0.5469091341161623,22.594461232282875,16.64532072551808,0,0,376.0920538316329,0,0,0,0,0.36953832544855797,-0.07312954246618618,-0.6090929247682783,2.685546875,10.203707696603827,0,1,1,1,0,0,0,0,,
3.528994999999646,1889.0338789084044,,,,-0.01953125,-0.134765625,-0.93359375,-0.009808324900821225,0.5469091341161623,22.5954170351788,16.610952186203484,0,0,375.33139199868276,0,0,0,0,0.36860292963560415,-0.07300441138635966,-0.6090929247682783,2.68359375,10.258262050474988,0,1,1,1,0,0,0,0,,
3.554995000000112,1884.6551793673466,,,,-1.28125,-1.537109375,0.5546875,-0.009808324900821225,0.5469091341161623,22.59565539121442,16.602773596681,0,0,375.1505507289575,0,0,0,0,0.36860292963560415,-0.07300441138635966,-0.6090929247682783,2.693359375,10.309487861081715,0,1,1,1,0,0,0,0,,
3.584,1875.0555348152297,,,,-0.134765625,-0.732421875,-0.556640625,-0.009808324900821225,0.5364150976509391,22.595602157042062,16.578261285890143,0,0,374.59579647146626,0,0,0,0,0.36860292963560415,-0.07300441138635966,-0.5977822804787619,2.6953125,10.365224874511654,0,1,1,1,0,0,0,0,,
3.633994999999646,1869.3923893723415,,,,-0.6875,0.548828125,-0.671875,-0.009808324900821225,0.5364150976509391,22.598187938087037,16.45753992151412,0,0,371.91058014494627,0,0,0,0,0.36860292963560415,-0.07300441138635966,-0.5977822804787619,2.677734375,10.453458383575187,0,1,1,1,0,0,0,0,,
3.699995000000112,1858.625610585951,,,,-1.328125,-0.8359375,-0.49609375,-0.009439244402657549,0.5364150976509391,22.60127978866039,16.34483008086286,0,0,369.4140777556941,0,0,0,0,0.36907308848046333,-0.07192081253700702,-0.5977822804787619,2.720703125,10.569733855392926,0,1,1,1,0,0,0,0,,
3.726995000000112,1847.9563982961572,,,,-0.94921875,-0.23046875,0.0078125,-0.009439244402657549,0.5364150976509391,22.60229717287158,16.279457602555272,0,0,367.95313854611777,0,0,0,0,0.36907308848046333,-0.07192081253700702,-0.5977822804787619,2.744140625,10.616753872266205,0,1,1,1,0,0,0,0,,
3.751994999999646,1842.0444731688633,,,,-0.57421875,-0.18359375,-0.75,-0.009439244402657549,0.5251777790531709,22.606323411585482,16.104187180781622,0,0,364.0564636894584,0,0,0,0,0.36907308848046333,-0.07192081253700702,-0.5856705145392656,2.720703125,10.64986707012415,0,1,1,1,0,0,0,0,,
3.7769999999995343,1836.27382838507,,,,-0.986328125,-0.203125,0.220703125,-0.009439244402657549,0.5251777790531709,22.610339363450926,15.915757675338153,0,0,359.86068226584445,0,0,0,0,0.36907308848046333,-0.07192081253700702,-0.5856705145392656,2.732421875,10.68237708628787,0,1,1,1,0,0,0,0,,
3.801999999999534,1830.1843630252984,,,,-1.048828125,-0.2890625,0.09375,-0.009439244402657549,0.5251777790531709,22.614533422454524,15.751524126546773,0,0,356.21336881439083,0,0,0,0,0.36907308848046333,-0.07192081253700702,-0.5856705145392656,2.744140625,10.716067233926836,0,1,1,1,0,0,0,0,,
3.829994999999646,1824.006781969494,,,,-0.736328125,-0.90625,-0.3984375,-0.009455636650764451,0.5251777790531709,22.620375434220936,15.584489826198634,0,0,352.52701081940967,0,0,0,0,0.3683780347957969,-0.07133867896833108,-0.5856705145392656,2.76953125,10.746454036324439,0,1,1,1,0,0,0,0,,
3.8549949999996462,1817.5001047143805,,,,-0.84375,-0.66015625,-0.123046875,-0.009455636650764451,0.5251777790531709,22.62673211157138,15.420456973308443,0,0,348.91454897306295,0,0,0,0,0.3683780347957969,-0.07133867896833108,-0.5856705145392656,2.787109375,10.778419164864466,1,1,1,1,0,0,0,0,,
3.8789949999996463,1811.1480334712664,,,,-1.94921875,-0.609375,0.333984375,-0.009455636650764451,0.5251777790531709,22.63187774031321,15.241343821562118,0,0,344.940229967672,0,0,0,0,0.3683780347957969,-0.07133867896833108,-0.5856705145392656,2.80078125,10.803659128698142,0,1,1,1,0,0,0,0,,
3.9029950000001117,1805.7082792895085,,,,-0.984375,-0.38671875,0,-0.009455636650764451,0.5155198245400097,22.638666346474103,15.048212429912454,0,0,340.67146031165237,0,0,0,0,0.3683780347957969,-0.07133867896833108,-0.5752610130643369,2.802734375,10.827962297869968,0,1,1,1,0,0,0,0,,
3.9289999999995344,1799.2042521964388,,,,-1.287109375,-0.02734375,0.044921875,-0.009455636650764451,0.5155198245400097,22.64553404768187,14.86882520598126,0,0,336.712487451079,0,0,0,0,0.3683780347957969,-0.07133867896833108,-0.5752610130643369,2.798828125,10.851305522276023,0,1,1,1,0,0,0,0,,
3.954994999999646,1792.8750582852722,,,,-0.5859375,0.271484375,-0.28125,-0.009455636650764451,0.5155198245400097,22.65325844809658,14.616273841899105,0,0,331.1062288886939,0,0,0,0,0.3683780347957969,-0.07133867896833108,-0.5752610130643369,2.796875,10.870328221284574,0,1,1,1,0,0,0,0,,
3.9809999999995345,1786.2160627972953,,,,-0.4375,-0.0703125,-0.349609375,-0.01149254971117467,0.5155198245400097,22.65979084247696,14.408940166051206,0,0,326.50357042448553,0,0,0,0,0.36720912396758804,-0.0786519075538558,-0.5752610130643369,2.8203125,10.887325897341672,0,1,1,1,0,0,0,0,,
4.003994999999646,1779.4806853530138,,,,-1.474609375,-0.32421875,-0.025390625,-0.01149254971117467,0.5155198245400097,22.667281642494135,14.190182968262413,0,0,321.65287390012753,0,0,0,0,0.36720912396758804,-0.0786519075538558,-0.5752610130643369,2.8515625,10.9041369278235,0,1,1,1,0,0,0,0,,
4.028994999999646,1773.4602366166407,,,,-0.474609375,2.099609375,-0.2421875,-0.01149254971117467,0.5155198245400097,22.67370673791041,13.9705233618315,0,0,316.7635496812937,0,0,0,0,0.36720912396758804,-0.0786519075538558,-0.5752610130643369,2.88671875,10.918005161630829,0,1,1,1,0,0,0,0,,
4.054995000000112,1766.5858103685941,,,,-0.375,0.05078125,-0.0703125,-0.01149254971117467,0.497646128289574,22.6804960520995,13.773751500045385,0,0,312.39551651937893,0,0,0,0,0.36720912396758804,-0.0786519075538558,-0.5559964506533428,2.908203125,10.931275630507704,0,1,1,1,0,0,0,0,,
4.076995000000112,1760.1769991591382,,,,-0.986328125,0.421875,-0.48046875,-0.01149254971117467,0.497646128289574,22.685324821284198,13.61325984621509,0,0,308.8212214879347,0,0,0,0,0.36720912396758804,-0.0786519075538558,-0.5559964506533428,2.943359375,10.943134835738192,0,1,1,1,0,0,0,0,,
4.104994999999646,1753.97968689032,,,,-0.76171875,-0.490234375,-0.75,-0.01149254971117467,0.497646128289574,22.691622942164962,13.419938912984055,0,0,304.5201937203213,0,0,0,0,0.36720912396758804,-0.0786519075538558,-0.5559964506533428,2.953125,10.955200102134265,0,1,1,1,0,0,0,0,,
4.133994999999646,1746.363670774146,,,,-0.486328125,-0.232421875,-0.630859375,-0.014767114076437503,0.497646128289574,22.69641485688479,13.24009338270962,0,0,300.5026521578726,0,0,0,0,0.3562337955272951,-0.08190503730926295,-0.5559964506533428,2.9609375,10.966261636771568,0,1,1,1,0,0,0,0,,
4.162,1734.5200085750757,,,,-1.4375,0.41015625,-0.099609375,-0.014767114076437503,0.497646128289574,22.702695274472845,13.068409110820703,0,0,296.688109765107,0,0,0,0,0.3562337955272951,-0.08190503730926295,-0.5559964506533428,2.966796875,10.97887038526304,0,1,1,1,0,0,0,0,,
4.197995000000112,1726.9952498697735,,,,-0.21875,-0.857421875,-0.435546875,-0.014767114076437503,0.47129423473370424,22.70919426939942,12.85930802655372,0,0,292.0245241450557,0,0,0,0,0.3562337955272951,-0.08190503730926295,-0.527593948398525,2.990234375,10.990095493320137,0,1,1,1,0,0,0,0,,
4.225999999999535,1720.5336584654,,,,-1.5625,-0.19140625,-0.453125,-0.014767114076437503,0.47129423473370424,22.71446082491625,12.71264383636321,0,0,288.76085040218516,0,0,0,0,0.3562337955272951,-0.08190503730926295,-0.527593948398525,2.982421875,10.999042501686224,0,1,1,1,0,0,0,0,,
4.2519949999996465,1712.60534397643,,,,-1.1484375,0.91796875,-0.71875,-0.014767114076437503,0.47129423473370424,22.717991896287202,12.565702831454253,0,0,285.46753509613086,0,0,0,0,0.3562337955272951,-0.08190503730926295,-0.527593948398525,2.984375,11.004525260809967,0,1,1,1,0,0,0,0,,
4.276999999999535,1705.1843654262675,,,,0.9375,0.72265625,-0.375,-0.01805301405852916,0.47129423473370424,22.721636346392064,12.511090792465327,0,0,284.27245528309123,0,0,0,0,0.3465105934012156,-0.08637551688423664,-0.527593948398525,2.990234375,11.01379395487767,0,1,1,1,0,0,0,0,,
4.303999999999534,1697.9971464435048,,,,0.2734375,-0.015625,-1.28125,-0.01805301405852916,0.47129423473370424,22.724590968012272,12.412804161935751,0,0,282.07589734603033,0,0,0,0,0.3465105934012156,-0.08637551688423664,-0.527593948398525,3.005859375,11.020207966604028,0,1,1,1,0,0,0,0,,
4.328999999999534,1689.5988887216301,,,,-1.42578125,-0.1171875,-0.087890625,-0.01805301405852916,0.47129423473370424,22.7293692167125,12.217657017097217,0,0,277.6996373047609,0,0,0,0,0.3465105934012156,-0.08637551688423664,-0.527593948398525,3.0078125,11.021385679536188,0,1,1,1,0,0,0,0,,
4.3559999999995345,1683.1856561761585,,,,-0.75,0.59765625,-0.4375,-0.01805301405852916,0.4468916230807055,22.737874263584146,11.99081967405295,0,0,272.645750065927,0,0,0,0,0.3465105934012156,-0.08637551688423664,-0.501292414088352,3.02734375,11.01951726255,0,1,1,1,0,0,0,0,,
4.378994999999646,1674.6785702163334,,,,-1.072265625,-0.83203125,-0.501953125,-0.01805301405852916,0.4468916230807055,22.74473728026339,11.773089922398812,0,0,267.7758372618775,0,0,0,0,0.3465105934012156,-0.08637551688423664,-0.501292414088352,3.033203125,11.01457401504006,0,1,1,1,0,0,0,0,,
4.405994999999646,1668.1860808095075,,,,-1.037109375,0.66796875,-0.021484375,-0.01805301405852916,0.4468916230807055,22.751265179620965,11.573839378599253,0,0,263.3194888488511,0,0,0,0,0.3465105934012156,-0.08637551688423664,-0.501292414088352,3.04296875,11.010171431205897,0,1,1,1,0,0,0,0,,
4.430994999999646,1660.1742335395986,,,,-1.0625,-0.10546875,-0.7265625,-0.020937710192057937,0.4468916230807055,22.759045492371754,11.324028276884588,0,0,257.7240747105205,0,0,0,0,0.34093105071005514,-0.09306405857314604,-0.501292414088352,3.0546875,11.001111304146939,0,1,1,1,0,0,0,0,,
4.455999999999534,1653.0138210942505,,,,-0.75,0.001953125,-0.646484375,-0.020937710192057937,0.4468916230807055,22.767132775469733,11.06615605897655,0,0,251.94464430878796,0,0,0,0,0.34093105071005514,-0.09306405857314604,-0.501292414088352,3.0625,10.989557406620994,1,1,1,1,0,0,0,0,,
4.4809999999995345,1640.70185181963,,,,-1.21875,0.63671875,-0.8984375,-0.020937710192057937,0.4307687073446781,22.775772000020844,10.807556332640779,0,0,246.1504389096078,0,0,0,0,0.34093105071005514,-0.09306405857314604,-0.48391487157605095,3.05859375,10.976156300236667,0,1,1,1,0,0,0,0,,
4.505995000000111,1637.6844550840124,,,,-0.224609375,-1.330078125,-0.935546875,-0.020937710192057937,0.4307687073446781,22.779416612008326,10.715996345004257,0,0,244.10414515561047,0,0,0,0,0.34093105071005514,-0.09306405857314604,-0.48391487157605095,3.04296875,10.969900402240084,0,1,1,1,0,0,0,0,,
4.530994999999646,1630.1174438344328,,,,0.57421875,0.912109375,-1.20703125,-0.020937710192057937,0.4307687073446781,22.7843834698009,10.557192796398791,0,0,240.53912903776975,0,0,0,0,0.34093105071005514,-0.09306405857314604,-0.48391487157605095,3.037109375,10.959246642984409,0,1,1,1,0,0,0,0,,
4.555994999999646,1618.5547222616751,,,,-1.75,-0.14453125,-0.3828125,-0.024181774352228017,0.4307687073446781,22.79013263140833,10.377868808755501,0,0,236.51300658289344,0,0,0,0,0.33139631298408,-0.0975380774911586,-0.48391487157605095,3.0625,10.946431388743521,1,1,1,1,0,0,0,0,,
4.579994999999646,1614.8889827065539,,,,-1.65625,0.404296875,-1.0703125,-0.024181774352228017,0.4307687073446781,22.793674056720818,10.243767861895277,0,0,233.49310575675287,0,0,0,0,0.33139631298408,-0.0975380774911586,-0.48391487157605095,3.076171875,10.935152159620413,0,1,1,1,0,0,0,0,,
4.610995000000112,1602.6238538293471,,,,0.109375,1.646484375,-0.9140625,-0.024181774352228017,0.4307687073446781,22.796202588112642,10.161271531657036,0,0,231.63840438847544,0,0,0,0,0.33139631298408,-0.0975380774911586,-0.48391487157605095,3.09375,10.924377915481221,0,1,1,1,0,0,0,0,,
4.648995000000112,1592.1472242811667,,,,0.408203125,-0.494140625,-1.162109375,-0.024181774352228017,0.397528613486815,22.80212980797435,9.96707874928352,0,0,227.27062344746545,0,0,0,0,0.33139631298408,-0.0975380774911586,-0.44808815427595716,3.0625,10.90388752738865,1,1,1,1,0,0,0,0,,
4.677995000000112,1584.7263550547173,,,,-0.5859375,0.0234375,-1.029296875,-0.024181774352228017,0.397528613486815,22.807461969761633,9.80598730269595,0,0,223.64968248220333,0,0,0,0,0.33139631298408,-0.0975380774911586,-0.44808815427595716,3.029296875,10.886598754770041,0,1,1,1,0,0,0,0,,
4.701995000000112,1576.9758210215466,,,,-0.072265625,-0.3359375,-1.056640625,-0.024181774352228017,0.397528613486815,22.811918889680385,9.695177810017633,0,0,221.16560982315133,0,0,0,0,0.33139631298408,-0.0975380774911586,-0.44808815427595716,3.001953125,10.872170094693997,0,1,1,1,0,0,0,0,,
4.7309999999995345,1569.517416048837,,,,-0.375,-0.2890625,-0.845703125,-0.027924703499642857,0.397528613486815,22.817727089896657,9.527340687917103,0,0,217.39225970936073,0,0,0,0,0.32123447466017563,-0.10348457493453318,-0.44808815427595716,2.98046875,10.852727276439401,0,1,1,1,0,0,0,0,,
4.7549999999995345,1560.7960837418761,,,,0.037109375,-0.37109375,-0.7734375,-0.027924703499642857,0.397528613486815,22.821509451287447,9.40546389675359,0,0,214.6468832135049,0,0,0,0,0.32123447466017563,-0.10348457493453318,-0.44808815427595716,2.974609375,10.836222287516556,1,1,1,1,0,0,0,0,,
4.781999999999535,1553.30557713763,,,,0.07421875,0.220703125,-0.771484375,-0.027924703499642857,0.37914933502271325,22.825397535882082,9.30760612322227,0,0,212.44980986995859,0,0,0,0,0.32123447466017563,-0.10348457493453318,-0.42827866707869666,2.96484375,10.820214804119248,0,1,1,1,0,0,0,0,,
4.829994999999646,1537.9766620164492,,,,-0.5,-0.46875,-0.748046875,-0.027924703499642857,0.37914933502271325,22.834122134074782,9.087137163384568,0,0,207.4967998378131,0,0,0,0,0.32123447466017563,-0.10348457493453318,-0.42827866707869666,2.927734375,10.783520505464264,0,1,1,1,0,0,0,0,,
4.856994999999646,1529.5138050598098,,,,0.162109375,0.47265625,-0.77734375,-0.03064137236874819,0.37914933502271325,22.840988747837855,8.896396783920103,0,0,203.20249883781997,0,0,0,0,0.3173201718737467,-0.11103647114727182,-0.42827866707869666,2.91796875,10.758844592626373,1,1,1,1,0,0,0,0,,
4.880995000000111,1517.9032502740292,,,,0.3359375,-0.02734375,-1.349609375,-0.03064137236874819,0.37914933502271325,22.845882343120646,8.749644933668014,0,0,199.8933586986611,0,0,0,0,0.3173201718737467,-0.11103647114727182,-0.42827866707869666,2.892578125,10.736963132113297,0,1,1,1,0,0,0,0,,
4.905994999999646,1513.8212469173022,,,,0.01171875,0.3984375,-1.130859375,-0.03064137236874819,0.37914933502271325,22.850904167478348,8.611512017727925,0,0,196.78083585418892,0,0,0,0,0.3173201718737467,-0.11103647114727182,-0.42827866707869666,2.85546875,10.713971075280144,0,1,1,1,0,0,0,0,,
4.933999999999535,1505.6547462248288,,,,-0.486328125,-0.79296875,-1.154296875,-0.03064137236874819,0.3575907477347288,22.856028510205245,8.473883611372395,0,0,193.67932541368845,0,0,0,0,0.3173201718737467,-0.11103647114727182,-0.4050424687857937,2.814453125,10.69010224326607,0,1,1,1,0,0,0,0,,
4.959994999999646,1492.1463413440895,,,,0,0.3671875,-0.96875,-0.03064137236874819,0.3575907477347288,22.859656123063182,8.328803584022435,0,0,190.39358584728902,0,0,0,0,0.3173201718737467,-0.11103647114727182,-0.4050424687857937,2.806640625,10.661370172883021,0,1,1,1,0,0,0,0,,
4.996995000000112,1484.9226411895718,,,,-0.09765625,-0.095703125,-0.81640625,-0.03064137236874819,0.3575907477347288,22.864995820068337,8.189722988751026,0,0,187.25798190530978,0,0,0,0,0.3173201718737467,-0.11103647114727182,-0.4050424687857937,2.765625,10.6273827866112,0,1,1,1,0,0,0,0,,
5.026999999999535,1477.3882474585337,,,,0.46875,-0.23046875,-1.0859375,-0.03271510019354844,0.3575907477347288,22.87343046184496,7.913739874614112,0,0,181.01437871511555,0,0,0,0,0.3126524799245057,-0.11523073864985824,-0.4050424687857937,2.734375,10.589406698162136,0,1,1,1,0,0,0,0,,
5.051999999999534,1467.9776865014605,,,,-0.57421875,-0.220703125,-0.908203125,-0.03271510019354844,0.3575907477347288,22.881812453907358,7.655584593552451,0,0,175.17365089468976,0,0,0,0,0.3126524799245057,-0.11523073864985824,-0.4050424687857937,2.74609375,10.554554755489358,0,1,1,1,0,0,0,0,,
5.077994999999646,1459.830949933303,,,,0.048828125,-0.541015625,-1.01953125,-0.03271510019354844,0.3575907477347288,22.889160769660123,7.456845486852256,0,0,170.6809351830758,0,0,0,0,0.3126524799245057,-0.11523073864985824,-0.4050424687857937,2.7265625,10.520223416820627,0,1,1,1,0,0,0,0,,
5.106994999999646,1452.0076324431611,,,,0.037109375,-0.078125,-1.078125,-0.03271510019354844,0.33477399182767786,22.896080214317603,7.2531604394742,0,0,166.0689432295164,0,0,0,0,0.3126524799245057,-0.11523073864985824,-0.38045019575904987,2.71484375,10.483299107812563,0,1,1,1,0,0,0,0,,
5.133994999999646,1437.9567965847893,,,,-0.25,-0.48828125,-1.130859375,-0.03271510019354844,0.33477399182767786,22.90386119142095,7.009800406803141,0,0,160.55149549698524,0,0,0,0,0.3126524799245057,-0.11523073864985824,-0.38045019575904987,2.689453125,10.440721333251638,0,1,1,1,0,0,0,0,,
5.1589949999996465,1430.4825839511632,,,,0.728515625,-0.896484375,-0.953125,-0.03424266780407949,0.33477399182767786,22.909942834183628,6.821579380395644,0,0,156.28199364370997,0,0,0,0,0.30771796464334394,-0.11692164947706507,-0.38045019575904987,2.703125,10.40373175372121,0,1,1,1,0,0,0,0,,
5.184994999999646,1422.7137802142224,,,,-1.423828125,0.1484375,-1.048828125,-0.03424266780407949,0.33477399182767786,22.91593541471971,6.619315101005894,0,0,151.68779734432994,0,0,0,0,0.30771796464334394,-0.11692164947706507,-0.38045019575904987,2.71484375,10.363646440642343,0,1,1,1,0,0,0,0,,
5.207994999999646,1414.6544800166764,,,,0.984375,1.109375,-1.021484375,-0.03424266780407949,0.33477399182767786,22.92149582721768,6.443452268512672,0,0,147.6935642855895,0,0,0,0,0.30771796464334394,-0.11692164947706507,-0.38045019575904987,2.7109375,10.327269841740563,0,1,1,1,0,0,0,0,,
5.232999999999534,1406.9266058019891,,,,2,1.671875,-1.455078125,-0.03424266780407949,0.31297341779358895,22.92792100091899,6.243258040244452,0,0,143.1449271350771,0,0,0,0,0.30771796464334394,-0.11692164947706507,-0.35695318018987415,2.75390625,10.286091575906074,0,1,1,1,0,0,0,0,,
5.260994999999646,1399.529427660331,,,,0.787109375,1.00390625,-0.751953125,-0.03424266780407949,0.31297341779358895,22.93431756305638,6.060426131988656,0,0,138.99173747847328,0,0,0,0,0.30771796464334394,-0.11692164947706507,-0.35695318018987415,2.779296875,10.244599024203435,0,1,1,1,0,0,0,0,,
5.2959950000001115,1390.928379301729,,,,-0.517578125,-0.513671875,-1.203125,-0.03424266780407949,0.31297341779358895,22.944100031204066,5.78862279585733,0,0,132.81474047105874,0,0,0,0,0.30771796464334394,-0.11692164947706507,-0.35695318018987415,2.7578125,10.179702654382,0,1,1,1,0,0,0,0,,
5.326995000000112,1384.4996015070114,,,,0.42578125,-0.060546875,-1.134765625,-0.03856863094828793,0.31297341779358895,22.951300306876192,5.584724001602648,0,0,128.1766776918017,0,0,0,0,0.29726117395571977,-0.12499849091277855,-0.35695318018987415,2.74609375,10.125941694325817,0,1,1,1,0,0,0,0,,
5.356994999999646,1373.8302081046081,,,,-0.361328125,0.892578125,-1.171875,-0.03856863094828793,0.31297341779358895,22.95975249868868,5.362247949252254,0,0,123.11588575143269,0,0,0,0,0.29726117395571977,-0.12499849091277855,-0.35695318018987415,2.73828125,10.069719714178236,0,1,1,1,0,0,0,0,,
5.414994999999646,1360.202789376732,,,,0.197265625,0.302734375,-0.857421875,-0.03856863094828793,0.282857667162341,22.970025820034724,5.090760589516934,0,0,116.93490218481918,0,0,0,0,0.29726117395571977,-0.12499849091277855,-0.3244939311649015,2.748046875,9.97474351986633,0,1,1,1,0,0,0,0,,
5.453999999999534,1342.5067401723477,,,,0.03125,0.103515625,-1.009765625,-0.040490768094632514,0.282857667162341,22.978359213509272,4.8451362545696774,0,0,111.33328129589896,0,0,0,0,0.2915855361626247,-0.1276248750617102,-0.3244939311649015,2.744140625,9.896766218355488,0,1,1,1,0,0,0,0,,
5.4809999999995345,1335.9623137361825,,,,-0.03125,-0.12890625,-0.875,-0.040490768094632514,0.282857667162341,22.9830987480048,4.734714234110827,0,0,108.81840478615305,0,0,0,0,0.2915855361626247,-0.1276248750617102,-0.3244939311649015,2.724609375,9.848107881148218,0,1,1,1,0,0,0,0,,
5.506994999999646,1325.0271003057537,,,,0.474609375,-0.365234375,-1.12890625,-0.040490768094632514,0.282857667162341,22.98729457109894,4.60593085633843,0,0,105.87788936876548,0,0,0,0,0.2915855361626247,-0.1276248750617102,-0.3244939311649015,2.6953125,9.799554187675685,0,1,1,1,0,0,0,0,,
5.531999999999535,1317.984182636286,,,,-0.32421875,0.615234375,-1.267578125,-0.040490768094632514,0.25110581069391824,22.991652952679,4.4719302050225895,0,0,102.81706730248203,0,0,0,0,0.2915855361626247,-0.1276248750617102,-0.2902712604855814,2.6875,9.751698230596029,0,1,1,1,0,0,0,0,,
5.557,1310.6918451682789,,,,0.7109375,-0.234375,-1.5078125,-0.040490768094632514,0.25110581069391824,22.99582501584484,4.361381437575243,0,0,100.29356436583411,0,0,0,0,0.2915855361626247,-0.1276248750617102,-0.2902712604855814,2.6796875,9.70442455330744,0,1,1,1,0,0,0,0,,
5.584994999999646,1303.4462166547978,,,,-0.515625,0.037109375,-0.265625,-0.040490768094632514,0.25110581069391824,22.999590794656708,4.246568011905293,0,0,97.6693265555006,0,0,0,0,0.2915855361626247,-0.1276248750617102,-0.2902712604855814,2.6640625,9.656434232701622,0,1,1,1,0,0,0,0,,
5.610995000000112,1294.2428206974457,,,,-0.072265625,0.017578125,-0.33203125,-0.041604903929090886,0.25110581069391824,23.004577062226996,4.103726263985685,0,0,94.40448708214358,0,0,0,0,0.2885893042585501,-0.12942165553277765,-0.2902712604855814,2.638671875,9.599574599684285,0,1,1,1,0,0,0,0,,
5.647994999999646,1287.1103542174637,,,,0.1171875,0.0390625,-0.873046875,-0.041604903929090886,0.25110581069391824,23.012073639817665,3.878489951925951,0,0,89.25209638501286,0,0,0,0,0.2885893042585501,-0.12942165553277765,-0.2902712604855814,2.59375,9.52346357996008,1,1,1,1,0,0,0,0,,
5.676999999999534,1280.5948359714846,,,,-0.486328125,0.3671875,-1.259765625,-0.041604903929090886,0.25110581069391824,23.017643877827062,3.689337456127777,0,0,84.91985571027759,0,0,0,0,0.2885893042585501,-0.12942165553277765,-0.2902712604855814,2.55078125,9.461952928815323,0,1,1,1,0,0,0,0,,
5.702994999999646,1272.1654000257793,,,,0.375,0.234375,-0.90625,-0.041604903929090886,0.2249117156523531,23.02275141044355,3.5257515185747983,0,0,81.17250074714143,0,0,0,0,0.2885893042585501,-0.12942165553277765,-0.2620388360526417,2.521484375,9.406146225712426,0,1,1,1,0,0,0,0,,
5.7309999999995345,1265.2025795249306,,,,-0.0625,-0.52734375,-1.26953125,-0.041604903929090886,0.2249117156523531,23.028604141389298,3.3438965250894017,0,0,77.00526936605108,0,0,0,0,0.2885893042585501,-0.12942165553277765,-0.2620388360526417,2.484375,9.344741694959366,0,1,1,1,0,0,0,0,,
5.758,1257.1983999305712,,,,0.0625,0.037109375,-1.06640625,-0.04203083795350022,0.2249117156523531,23.033493057013466,3.2021481327701893,0,0,73.75665678369079,0,0,0,0,0.28744384508427756,-0.13010856453736408,-0.2620388360526417,2.447265625,9.292056397213189,1,1,1,1,0,0,0,0,,
5.7839949999996465,1245.7497524302617,,,,-0.447265625,0.130859375,-0.830078125,-0.04203083795350022,0.2249117156523531,23.039027104469607,3.049324941890623,0,0,70.25347998655327,0,0,0,0,0.28744384508427756,-0.13010856453736408,-0.2620388360526417,2.41796875,9.228484533685807,0,1,1,1,0,0,0,0,,
5.809994999999646,1239.0186340005896,,,,0.912109375,0.21875,-1.005859375,-0.04203083795350022,0.2249117156523531,23.044047744531838,2.913310580333404,0,0,67.13446810785273,0,0,0,0,0.28744384508427756,-0.13010856453736408,-0.2620388360526417,2.37890625,9.170852121757779,0,1,1,1,0,0,0,0,,
5.834994999999646,1232.0866025105015,,,,-0.5,0.78125,-0.974609375,-0.04203083795350022,0.20251206281583797,23.048900586383112,2.77661643907835,0,0,63.99795627083397,0,0,0,0,0.28744384508427756,-0.13010856453736408,-0.23789612354329553,2.361328125,9.1145375731223,0,1,1,1,0,0,0,0,,
5.871995000000112,1224.1770646857851,,,,0.28125,0.078125,-1.037109375,-0.04203083795350022,0.20251206281583797,23.054853857410578,2.6080970495157856,0,0,60.12929632253016,0,0,0,0,0.28744384508427756,-0.13010856453736408,-0.23789612354329553,2.326171875,9.031867586801438,0,1,1,1,0,0,0,0,,
5.901999999999535,1219.738314967655,,,,-0.07421875,-0.146484375,-0.875,-0.04203083795350022,0.20251206281583797,23.05936815303091,2.4887115642712447,0,0,57.38811618723608,0,0,0,0,0.28744384508427756,-0.13010856453736408,-0.23789612354329553,2.302734375,8.965073598594564,0,1,1,1,0,0,0,0,,
5.933999999999535,1211.9835424882403,,,,0.2109375,0.11328125,-0.96484375,-0.04637107903263518,0.20251206281583797,23.06312871769667,2.395529545210415,0,0,55.24840624823317,0,0,0,0,0.27873553912500965,-0.13987892657481274,-0.23789612354329553,2.2734375,8.901252247459137,0,1,1,1,0,0,0,0,,
5.961,1199.2876678160137,,,,0.017578125,0.23046875,-0.912109375,-0.04637107903263518,0.20251206281583797,23.066248111760828,2.3004477027023875,0,0,53.06269747866348,0,0,0,0,0.27873553912500965,-0.13987892657481274,-0.23789612354329553,2.2578125,8.835020110691334,0,1,1,1,0,0,0,0,,
5.996995000000112,1193.298299163137,,,,0,-0.037109375,-1.119140625,-0.04637107903263518,0.17293291626280172,23.069943888123518,2.1907661330665653,0,0,50.540851761847,0,0,0,0,0.27873553912500965,-0.13987892657481274,-0.20601523517802417,2.2265625,8.755416771401306,0,1,1,1,0,0,0,0,,
6.026999999999535,1188.1147651075048,,,,-0.25,-0.375,-0.6484375,-0.04637107903263518,0.17293291626280172,23.073494290184588,2.094491646566292,0,0,48.32724104788666,0,0,0,0,0.27873553912500965,-0.13987892657481274,-0.20601523517802417,2.181640625,8.688566568987504,0,1,1,1,0,0,0,0,,
6.052995000000112,1180.562380133657,,,,-0.07421875,0.162109375,-1.109375,-0.047923912341964296,0.17293291626280172,23.07649647280092,2.0039517707734684,0,0,46.2441859699171,0,0,0,0,0.2750005354970856,-0.14279548673551612,-0.20601523517802417,2.1484375,8.63002809932948,0,1,1,1,0,0,0,0,,
6.077994999999646,1174.5598874021257,,,,-0.26171875,0.080078125,-1.05859375,-0.047923912341964296,0.17293291626280172,23.079455271469918,1.9204840582828377,0,0,44.323725922709784,0,0,0,0,0.2750005354970856,-0.14279548673551612,-0.20601523517802417,2.142578125,8.57369053875854,0,1,1,1,0,0,0,0,,
6.1059999999995345,1168.4024952615205,,,,-0.0625,-0.216796875,-1.013671875,-0.047923912341964296,0.17293291626280172,23.08249452730548,1.8310219557988234,0,0,42.26455427410252,0,0,0,0,0.2750005354970856,-0.14279548673551612,-0.20601523517802417,2.1171875,8.516817516914863,0,1,1,1,0,0,0,0,,
6.131994999999646,1159.102949504052,,,,-0.125,-0.171875,-0.970703125,-0.047923912341964296,0.1504030453412605,23.086437358604773,1.7181929088148187,0,0,39.66695295935224,0,0,0,0,0.2750005354970856,-0.14279548673551612,-0.1817321714849678,2.076171875,8.450024402313485,0,1,1,1,0,0,0,0,,
6.157994999999646,1152.721037547845,,,,-0.224609375,0.4140625,-1.080078125,-0.047923912341964296,0.1504030453412605,23.089801636968065,1.6233984626062639,0,0,37.48394847933755,0,0,0,0,0.2750005354970856,-0.14279548673551612,-0.1817321714849678,2.05078125,8.390124633883582,0,1,1,1,0,0,0,0,,
6.183999999999535,1147.1136695503965,,,,0.037109375,-0.08984375,-0.943359375,-0.047923912341964296,0.1504030453412605,23.09301963495126,1.5320253800357286,0,0,35.37909218240875,0,0,0,0,0.2750005354970856,-0.14279548673551612,-0.1817321714849678,2.033203125,8.330147230374461,0,1,1,1,0,0,0,0,,
6.209994999999646,1141.3743894140491,,,,0.11328125,0.052734375,-0.98046875,-0.04891901841706983,0.1504030453412605,23.096342293651404,1.446790566656658,0,0,33.41557015472805,0,0,0,0,0.27292423617466605,-0.1449610642688469,-0.1817321714849678,2,8.270235796177113,0,1,1,1,0,0,0,0,,
6.247999999999534,1135.5156862892943,,,,-0.0703125,0.0546875,-0.970703125,-0.04891901841706983,0.1504030453412605,23.10056043195454,1.3358610767263452,0,0,30.8591395316128,0,0,0,0,0.27292423617466605,-0.1449610642688469,-0.1817321714849678,1.966796875,8.183038602490997,1,1,1,1,0,0,0,0,,
6.279999999999534,1130.6076106276585,,,,0.07421875,0.04296875,-0.982421875,-0.04891901841706983,0.1302274318677883,23.10312569712289,1.269049834539151,0,0,29.319017843271013,0,0,0,0,0.27292423617466605,-0.1449610642688469,-0.15998656500861708,1.935546875,8.117293627161875,0,1,1,1,0,0,0,0,,
6.307,1121.2289008456453,,,,-0.11328125,0.0625,-0.9921875,-0.04891901841706983,0.1302274318677883,23.10551867683782,1.2039730797560044,0,0,27.81842248071231,0,0,0,0,0.27292423617466605,-0.1449610642688469,-0.15998656500861708,1.91015625,8.049480529533785,0,1,1,1,0,0,0,0,,
6.331995000000112,1118.5755411321757,,,,0.048828125,0.0625,-1,-0.04891901841706983,0.1302274318677883,23.108200189017683,1.139052408933805,0,0,26.3214510914252,0,0,0,0,0.27292423617466605,-0.1449610642688469,-0.15998656500861708,1.884765625,7.99242637548253,0,1,1,1,0,0,0,0,,
6.359994999999646,1110.966121091596,,,,-0.03125,0.0625,-1,-0.04955798779231294,0.1302274318677883,23.110936984095925,1.0727280282335472,0,0,24.791749861578985,0,0,0,0,0.26874446969204957,-0.1436904658815178,-0.15998656500861708,1.861328125,7.930942116526117,0,1,1,1,0,0,0,0,,
6.422995000000112,1103.5784664171213,,,,0.052734375,-0.185546875,-0.92578125,-0.04955798779231294,0.11052971757258248,23.11705283954903,0.9284364477674276,0,0,21.462714421202826,0,0,0,0,0.26874446969204957,-0.1436904658815178,-0.1387560460898079,1.802734375,7.785784160380246,0,1,1,1,0,0,0,0,,
6.459,1095.6762408301997,,,,0.03125,0.171875,-1.005859375,-0.04955798779231294,0.11052971757258248,23.120092447141925,0.8632208948509361,0,0,19.95774689125822,0,0,0,0,0.26874446969204957,-0.1436904658815178,-0.1387560460898079,1.77734375,7.711456775041153,0,1,1,1,0,0,0,0,,
6.486994999999646,1086.4597128627192,,,,-0.087890625,0.07421875,-0.9921875,-0.04955798779231294,0.11052971757258248,23.12213967732867,0.8058318527310999,0,0,18.632556655289036,0,0,0,0,0.26874446969204957,-0.1436904658815178,-0.1387560460898079,1.755859375,7.641934867707796,0,1,1,1,0,0,0,0,,
6.521994999999646,1081.9239212129235,,,,-0.0078125,0.03515625,-0.96875,-0.05017672932767625,0.11052971757258248,23.124810076754137,0.7401093056576182,0,0,17.114887129370796,0,0,0,0,0.26691628927924343,-0.14453480707237196,-0.1387560460898079,1.73046875,7.56352678733011,0,1,1,1,0,0,0,0,,
6.551999999999534,1078.1730403921856,,,,-0.01171875,0.072265625,-1,-0.05017672932767625,0.11052971757258248,23.126651436136363,0.6870452342411113,0,0,15.889055653152841,0,0,0,0,0.26691628927924343,-0.14453480707237196,-0.1387560460898079,1.7109375,7.4966149633005195,0,1,1,1,0,0,0,0,,
6.577994999999646,1073.1882321885168,,,,-0.009765625,0.068359375,-0.990234375,-0.05017672932767625,0.09273312506660428,23.128659094047293,0.6470399094423818,0,0,14.96516548573608,0,0,0,0,0.26691628927924343,-0.14453480707237196,-0.11957458735677776,1.693359375,7.439056619599436,0,1,1,1,0,0,0,0,,
6.602999999999534,1068.9906660912309,,,,-0.048828125,0.07421875,-0.95703125,-0.05017672932767625,0.09273312506660428,23.130420395519543,0.6074530369615743,0,0,14.050644115456285,0,0,0,0,0.26691628927924343,-0.14453480707237196,-0.11957458735677776,1.67578125,7.383786930411608,0,1,1,1,0,0,0,0,,
6.631994999999646,1065.0630033983866,,,,-0.01171875,0.03515625,-1,-0.05017672932767625,0.09273312506660428,23.132523005980048,0.5626743297652128,0,0,13.016076878168189,0,0,0,0,0.26691628927924343,-0.14453480707237196,-0.11957458735677776,1.66015625,7.326240788203215,0,1,1,1,0,0,0,0,,
6.6589949999996465,1058.4115427482889,,,,-0.009765625,0.0546875,-0.98046875,-0.05033041063606217,0.09273312506660428,23.13441312463384,0.5194680033069354,0,0,12.017587393531302,0,0,0,0,0.2662694200501165,-0.1445642887037157,-0.11957458735677776,1.64453125,7.260430093762098,0,1,1,1,0,0,0,0,,
6.684994999999646,1054.6394511571261,,,,-0.037109375,0.0234375,-1.09375,-0.05033041063606217,0.09273312506660428,23.1359093779737,0.4855998000654931,0,0,11.234792968277395,0,0,0,0,0.2662694200501165,-0.1445642887037157,-0.11957458735677776,1.630859375,7.205868164407546,0,1,1,1,0,0,0,0,,
6.734994999999646,1050.5723771517005,,,,0.01171875,0.109375,-1.0859375,-0.05033041063606217,0.07735919625821296,23.138795939250905,0.4173609805949092,0,0,9.657230562991261,0,0,0,0,0.2662694200501165,-0.1445642887037157,-0.10300431521599346,1.623046875,7.0950997832772025,1,1,1,1,0,0,0,0,,
6.772994999999646,1044.4277326742501,,,,-0.052734375,0.03515625,-0.916015625,-0.05033041063606217,0.07735919625821296,23.140500979813705,0.37426273854662595,0,0,8.660627268045959,0,0,0,0,0.2662694200501165,-0.1445642887037157,-0.10300431521599346,1.611328125,7.013427013686487,0,1,1,1,0,0,0,0,,
6.812994999999646,1041.2475454181085,,,,-0.01953125,0.087890625,-1.080078125,-0.050682525262356136,0.07735919625821296,23.142050485334178,0.3373254400680179,0,0,7.806402364041639,0,0,0,0,0.26503396370862214,-0.14486242203545324,-0.10300431521599346,1.6015625,6.934635669757309,0,1,1,1,0,0,0,0,,
6.848994999999646,1034.7656339313376,,,,0.033203125,0.03515625,-0.984375,-0.050682525262356136,0.07735919625821296,23.14402203796012,0.28031617400048114,0,0,6.487643708663799,0,0,0,0,0.26503396370862214,-0.14486242203545324,-0.10300431521599346,1.583984375,6.853157539936383,0,1,1,1,0,0,0,0,,
6.877999999999535,1032.1670295197505,,,,-0.037109375,0.07421875,-1.046875,-0.050682525262356136,0.06510868941505797,23.146012918534858,0.2362019290705133,0,0,5.467132901648955,0,0,0,0,0.26503396370862214,-0.14486242203545324,-0.08980051839973519,1.5703125,6.791139415021238,0,1,1,1,0,0,0,0,,
6.903994999999646,1029.1354311248956,,,,-0.009765625,0.056640625,-0.986328125,-0.050682525262356136,0.06510868941505797,23.1474989756715,0.2024096241624167,0,0,4.685276567965594,0,0,0,0,0.26503396370862214,-0.14486242203545324,-0.08980051839973519,1.55859375,6.7339407203537345,0,1,1,1,0,0,0,0,,
6.9329949999996465,1026.4508475026278,,,,-0.0234375,0.044921875,-0.96484375,-0.050682525262356136,0.06510868941505797,23.148353137152853,0.17315642335441916,0,0,4.008286035774437,0,0,0,0,0.26503396370862214,-0.14486242203545324,-0.08980051839973519,1.546875,6.675136674160415,0,1,1,1,0,0,0,0,,
6.957994999999646,1022.3814679110636,,,,0.099609375,0.119140625,-1.0078125,-0.05113474939042873,0.06510868941505797,23.149263036334037,0.1506669122872668,0,0,3.487827983410208,0,0,0,0,0.2638939259865281,-0.14566289427273696,-0.08980051839973519,1.537109375,6.621038001398157,0,1,1,1,0,0,0,0,,
6.985995000000112,1020.1169529230032,,,,-0.0234375,0.021484375,-0.974609375,-0.05113474939042873,0.06510868941505797,23.15029918183599,0.13209041699259672,0,0,3.0579326724320866,0,0,0,0,0.2638939259865281,-0.14566289427273696,-0.08980051839973519,1.525390625,6.569417482221262,0,1,1,1,0,0,0,0,,
7.025995000000112,1017.3912216333081,,,,0.0546875,-0.03515625,-1.0234375,-0.05113474939042873,0.054476231247003924,23.151554092145616,0.1065292575418102,0,0,2.46631786837533,0,0,0,0,0.2638939259865281,-0.14566289427273696,-0.07834068093294548,1.509765625,6.483586245987732,0,1,1,1,0,0,0,0,,
7.052995000000112,1015.5525453935566,,,,-0.0234375,0.048828125,-0.98046875,-0.05113474939042873,0.054476231247003924,23.152141338316515,0.09318364074884444,0,0,2.157400821036157,0,0,0,0,0.2638939259865281,-0.14566289427273696,-0.07834068093294548,1.5,6.4270108714085605,0,1,1,1,0,0,0,0,,
7.078999999999534,1013.5232195181759,,,,-0.07421875,0.111328125,-0.984375,-0.05113474939042873,0.054476231247003924,23.152722127270394,0.08123155928295178,0,0,1.8807317200430744,0,0,0,0,0.2638939259865281,-0.14566289427273696,-0.07834068093294548,1.4921875,6.374829980176779,0,1,1,1,0,0,0,0,,
7.104994999999646,1011.7013689680878,,,,0.048828125,0.02734375,-1.001953125,-0.05145125657630777,0.054476231247003924,23.153082054548058,0.07372117185698812,0,0,1.706872341162285,0,0,0,0,0.2628531229829812,-0.14599605627068302,-0.07834068093294548,1.482421875,6.3251890693494115,0,1,1,1,0,0,0,0,,
7.131994999999646,1010.0724738078766,,,,-0.041015625,0.046875,-0.958984375,-0.05145125657630777,0.054476231247003924,23.15353697720373,0.06500658334400944,0,0,1.5051323312171985,0,0,0,0,0.2628531229829812,-0.14599605627068302,-0.07834068093294548,1.474609375,6.271914053263842,0,1,1,1,0,0,0,0,,
7.203999999999534,1006.9149318855054,,,,-0.0625,0.1875,-1,-0.05145125657630777,0.04378334990484984,23.154544090391642,0.04998504306410512,0,0,1.1573808834879469,0,0,0,0,0.2628531229829812,-0.14599605627068302,-0.06681571837998385,1.458984375,6.132185143032888,0,1,1,1,0,0,0,0,,
7.229994999999646,1004.7692871516745,,,,-0.0234375,0.11328125,-0.966796875,-0.05145125657630777,0.04378334990484984,23.155207027518173,0.0454221689947607,0,0,1.051759726712601,0,0,0,0,0.2628531229829812,-0.14599605627068302,-0.06681571837998385,1.45703125,6.080565056024376,0,1,1,1,0,0,0,0,,
7.255995000000111,1003.7482246265881,,,,-0.048828125,-0.150390625,-0.962890625,-0.05152356841933133,0.04378334990484984,23.155516089990936,0.040981998220483984,0,0,0.9489593191943968,0,0,0,0,0.2624040383730822,-0.14587464159557864,-0.06681571837998385,1.453125,6.033111635205387,0,1,1,1,0,0,0,0,,
7.281999999999535,1002.4307866568422,,,,-0.099609375,0.046875,-0.970703125,-0.05152356841933133,0.04378334990484984,23.155660942776613,0.03910476703867438,0,0,0.9054967267938107,0,0,0,0,0.2624040383730822,-0.14587464159557864,-0.06681571837998385,1.447265625,5.982398012731734,0,1,1,1,0,0,0,0,,
7.3079949999996465,1001.616164571182,,,,0.0625,-0.080078125,-1.01953125,-0.05152356841933133,0.04378334990484984,23.156013188188055,0.03574573299086081,0,0,0.8277286645578218,0,0,0,0,0.2624040383730822,-0.14587464159557864,-0.06681571837998385,1.4375,5.933868677090189,0,1,1,1,0,0,0,0,,
7.336994999999646,1001.0264822275623,,,,0.037109375,0.185546875,-0.96484375,-0.05152356841933133,0.03748415008205828,23.155947368899835,0.03349667677210366,0,0,0.775647284367882,0,0,0,0,0.2624040383730822,-0.14587464159557864,-0.0600263376931249,1.43359375,5.887605332692669,0,1,1,1,0,0,0,0,,
7.375,1000.497444252374,,,,-0.041015625,0.05078125,-0.990234375,-0.05152356841933133,0.03748415008205828,23.15662272998558,0.0313353029797403,0,0,0.7256197892316391,0,0,0,0,0.2624040383730822,-0.14587464159557864,-0.0600263376931249,1.427734375,5.812563497263461,0,1,1,1,0,0,0,0,,
7.402995000000112,1000.2566864448215,,,,-0.0859375,0.08203125,-0.98046875,-0.050950783645528706,0.03748415008205828,23.157383957426372,0.030051172270213478,0,0,0.6959065346320978,0,0,0,0,0.26391336835827556,-0.14492187410743748,-0.0600263376931249,1.42578125,5.760053406338631,0,1,1,1,0,0,0,0,,
7.432,1000.039477898092,,,,0.21875,0.462890625,-1.03515625,-0.050950783645528706,0.03748415008205828,23.1575713291423,0.02888580718038991,0,0,0.6689251401797301,0,0,0,0,0.26391336835827556,-0.14492187410743748,-0.0600263376931249,1.427734375,5.709816543560811,0,1,1,1,0,0,0,0,,
7.457994999999646,1000.0356288487416,,,,0.287109375,0.0078125,-0.81640625,-0.050950783645528706,0.03748415008205828,23.158012391693095,0.02760796295624024,0,0,0.6393455482500154,0,0,0,0,0.26391336835827556,-0.14492187410743748,-0.0600263376931249,1.4375,5.661763940778512,0,1,1,1,0,0,0,0,,
7.488994999999646,1000.2369504841274,,,,-0.447265625,0.03125,-1.01171875,-0.050950783645528706,0.031866316227113334,23.158114546801006,0.02730618738429813,0,0,0.6323598152819886,0,0,0,0,0.26391336835827556,-0.14492187410743748,-0.053971344400366855,1.44140625,5.614159366711297,0,1,1,1,0,0,0,0,,
7.526999999999535,1000.6474049854239,,,,0.1328125,0.169921875,-1.00390625,-0.050950783645528706,0.031866316227113334,23.15837166142034,0.027518769807573396,0,0,0.6372898988688573,0,0,0,0,0.26391336835827556,-0.14492187410743748,-0.053971344400366855,1.443359375,5.542672225448799,0,1,1,1,0,0,0,0,,
7.554995000000112,1001.0264822275623,,,,-0.03125,0.0625,-1,-0.04972430228852745,0.031866316227113334,23.15849096378737,0.026697283354859547,0,0,0.6182687953311857,0,0,0,0,0.2645531473291575,-0.14045849588180018,-0.053971344400366855,1.435546875,5.4943267609285975,0,1,1,1,0,0,0,0,,
7.580999999999534,1001.6927667948701,,,,0,0.060546875,-1,-0.04972430228852745,0.031866316227113334,23.15871848786065,0.02584538462064545,0,0,0.5985459866400111,0,0,0,0,0.2645531473291575,-0.14045849588180018,-0.053971344400366855,1.427734375,5.449802465174276,0,1,1,1,0,0,0,0,,
7.607999999999534,1002.8831958147543,,,,-0.0625,0.076171875,-0.99609375,-0.04972430228852745,0.031866316227113334,23.159126159405833,0.02548016246032825,0,0,0.5900982969808984,0,0,0,0,0.2645531473291575,-0.14045849588180018,-0.053971344400366855,1.421875,5.4039698681770645,0,1,1,1,0,0,0,0,,
7.633994999999646,1003.8642918414571,,,,-0.03125,0.03515625,-0.98046875,-0.04972430228852745,0.02753079567522283,23.159324846851433,0.024884602731435113,0,0,0.5763105983421523,0,0,0,0,0.2645531473291575,-0.14045849588180018,-0.049298449377100116,1.4140625,5.358508809989008,0,1,1,1,0,0,0,0,,
7.662994999999646,1004.9000311556167,,,,-0.0625,0.083984375,-0.982421875,-0.04972430228852745,0.02753079567522283,23.159359822555068,0.024839480932989932,0,0,0.5752664767326097,0,0,0,0,0.2645531473291575,-0.14045849588180018,-0.049298449377100116,1.408203125,5.315109948359586,0,1,1,1,0,0,0,0,,
7.703999999999534,1006.6060313090863,,,,-0.04296875,0.068359375,-0.978515625,-0.048495055922983706,0.02753079567522283,23.159629118256515,0.023485900561361017,0,0,0.5439247465093736,0,0,0,0,0.2653338210499037,-0.1361154245547706,-0.049298449377100116,1.40234375,5.244057182151764,0,1,1,1,0,0,0,0,,
7.7309999999995345,1007.7178327353972,,,,-0.0234375,0.064453125,-0.984375,-0.048495055922983706,0.02753079567522283,23.16043429510018,0.023200835956239896,0,0,0.5373414367558919,0,0,0,0,0.2653338210499037,-0.1361154245547706,-0.049298449377100116,1.39453125,5.199946806721702,0,1,1,1,0,0,0,0,,
7.756994999999646,1009.9473791905939,,,,-0.099609375,0.109375,-0.994140625,-0.048495055922983706,0.02753079567522283,23.161052045219222,0.024328560824782297,0,0,0.5634750634480643,0,0,0,0,0.2653338210499037,-0.1361154245547706,-0.049298449377100116,1.390625,5.156283239863397,1,1,1,1,0,0,0,0,,
7.782994999999646,1011.7690335425425,,,,-0.162109375,0.0625,-0.99609375,-0.048495055922983706,0.02755021053039892,23.161093374275957,0.023893435643399297,0,0,0.5533980939690244,0,0,0,0,0.2653338210499037,-0.1361154245547706,-0.04931937502582994,1.388671875,5.116111574520305,0,1,1,1,0,0,0,0,,
7.809994999999646,1013.6687456679523,,,,-0.1875,0.06640625,-0.998046875,-0.048495055922983706,0.02755021053039892,23.16098607462806,0.023849010511521662,0,0,0.5523666003510115,0,0,0,0,0.2653338210499037,-0.1361154245547706,-0.04931937502582994,1.38671875,5.073098372696739,0,1,1,1,0,0,0,0,,
7.841,1015.7866432581209,,,,0.009765625,0.068359375,-0.990234375,-0.048495055922983706,0.02755021053039892,23.16111408351594,0.024316745972456477,0,0,0.5632029276079412,0,0,0,0,0.2653338210499037,-0.1361154245547706,-0.04931937502582994,1.380859375,5.028895508278154,0,1,1,1,0,0,0,0,,
7.8799999999995345,1018.986164206957,,,,-0.0390625,0.056640625,-1.025390625,-0.0477779290436253,0.02755021053039892,23.16185286653219,0.025098489110922717,0,0,0.5813275119594523,0,0,0,0,0.2663830292089041,-0.1341368291092411,-0.04931937502582994,1.375,4.961797310627475,0,1,1,1,0,0,0,0,,
7.933999999999535,1021.9191189962457,,,,-0.125,0.095703125,-0.998046875,-0.0477779290436253,0.02755846998115109,23.16230659647378,0.02454610470343832,0,0,0.5685444028901855,0,0,0,0,0.2663830292089041,-0.1341368291092411,-0.04932827719705778,1.369140625,4.878719204127185,0,1,1,1,0,0,0,0,,
8.003994999999646,1027.7773864030432,,,,-0.015625,0.06640625,-0.978515625,-0.04653333931512624,0.02755846998115109,23.162814391631358,0.023745801593276106,0,0,0.5500195948855586,0,0,0,0,0.27139196125493437,-0.13368329080414948,-0.04932827719705778,1.361328125,4.779057828820392,0,1,1,1,0,0,0,0,,
8.031999999999535,1032.9475910728756,,,,0,0.0625,-1.0078125,-0.04653333931512624,0.02755846998115109,23.163088176559747,0.02279713702609021,0,0,0.5280520951084425,0,0,0,0,0.27139196125493437,-0.13368329080414948,-0.04932827719705778,1.35546875,4.732919191642116,0,1,1,1,0,0,0,0,,
8.058999999999534,1037.3421767704313,,,,-0.048828125,0.046875,-1.0234375,-0.04653333931512624,0.02755846998115109,23.16357603549687,0.02172392769649889,0,0,0.5032038509874884,0,0,0,0,0.27139196125493437,-0.13368329080414948,-0.04932827719705778,1.3515625,4.69307750591765,1,1,1,1,0,0,0,0,,
8.084994999999646,1040.8735141595191,,,,0.0234375,0.056640625,-0.990234375,-0.04653333931512624,0.027561839209409012,23.163399584860308,0.021713554722807338,0,0,0.5029597444521171,0,0,0,0,0.27139196125493437,-0.13368329080414948,-0.0493319086064284,1.34765625,4.6550690126533265,0,1,1,1,0,0,0,0,,
8.113,1044.42773267425,,,,0.05078125,0,-0.927734375,-0.04653333931512624,0.027561839209409012,23.163613376320313,0.02203269182862977,0,0,0.5103567551579918,0,0,0,0,0.27139196125493437,-0.13368329080414948,-0.0493319086064284,1.34375,4.6145154645181545,0,1,1,1,0,0,0,0,,
8.150995000000112,1047.8543559268219,,,,-0.025390625,0.056640625,-0.984375,-0.04717888819982243,0.027561839209409012,23.163937110560124,0.022129853054199344,0,0,0.5126145244134105,0,0,0,0,0.2688124675935922,-0.13393588470305814,-0.0493319086064284,1.341796875,4.560022215952879,0,1,1,1,0,0,0,0,,
8.182994999999647,1051.26298850678,,,,0,0.041015625,-0.974609375,-0.04717888819982243,0.027561839209409012,23.164279935218456,0.0225377371595763,0,0,0.5220704526708007,0,0,0,0,0.2688124675935922,-0.13393588470305814,-0.0493319086064284,1.33984375,4.518889514985217,1,1,1,1,0,0,0,0,,
8.211,1057.9702677028067,,,,0,0.11328125,-1.03515625,-0.04717888819982243,0.027561839209409012,23.16461553221204,0.02305566609084453,0,0,0.5340756408334716,0,0,0,0,0.2688124675935922,-0.13393588470305814,-0.0493319086064284,1.337890625,4.475341154840999,0,1,1,1,0,0,0,0,,
8.24899500000011,1061.8466599780684,,,,-0.0078125,0.0703125,-0.994140625,-0.04717888819982243,0.027764589117091055,23.164767643281063,0.022002032081933187,0,0,0.5096719608579978,0,0,0,0,0.2688124675935922,-0.13393588470305814,-0.049550435775942585,1.3359375,4.422447052031032,0,1,1,1,0,0,0,0,,
8.277995000000113,1065.6842427809042,,,,-0.0234375,0.01953125,-0.912109375,-0.04717888819982243,0.027764589117091055,23.164773126573,0.02161984039363718,0,0,0.5008186977513239,0,0,0,0,0.2688124675935922,-0.13393588470305814,-0.049550435775942585,1.33203125,4.382517761924467,0,1,1,1,0,0,0,0,,
8.303999999999535,1070.4307093628638,,,,0,0.052734375,-1.02734375,-0.046185797038454726,0.027764589117091055,23.16479136813771,0.021912511200355755,0,0,0.5075987503082219,0,0,0,0,0.27331007074324026,-0.13404221563025243,-0.049550435775942585,1.328125,4.3456998533956295,0,1,1,1,0,0,0,0,,
8.332994999999647,1074.6678315575182,,,,-0.0859375,0.068359375,-0.95703125,-0.046185797038454726,0.027764589117091055,23.165153662364173,0.023048848893136853,0,0,0.5339301263501276,0,0,0,0,0.27331007074324026,-0.13404221563025243,-0.049550435775942585,1.328125,4.310588048690196,0,1,1,1,0,0,0,0,,
8.361994999999647,1082.096319315865,,,,0,0.078125,-1.017578125,-0.046185797038454726,0.027764589117091055,23.16527112699106,0.023006542642515004,0,0,0.5329527980085413,0,0,0,0,0.27331007074324026,-0.13404221563025243,-0.049550435775942585,1.326171875,4.269025979069488,0,1,1,1,0,0,0,0,,
8.398995000000111,1086.636378181735,,,,-0.03515625,0.07421875,-0.990234375,-0.046185797038454726,0.027819241831126256,23.165779612303226,0.02266005919962888,0,0,0.5249379374203469,0,0,0,0,0.27331007074324026,-0.13404221563025243,-0.04960934136579425,1.32421875,4.219937615219317,0,1,1,1,0,0,0,0,,
8.427995000000111,1090.7445788199525,,,,0.03125,0.060546875,-1.009765625,-0.046185797038454726,0.027819241831126256,23.165705698761847,0.023520574098713443,0,0,0.5448706974367163,0,0,0,0,0.27331007074324026,-0.13404221563025243,-0.04960934136579425,1.322265625,4.181925249249838,0,1,1,1,0,0,0,0,,
8.454994999999647,1096.2314123148788,,,,-0.099609375,0.072265625,-0.9921875,-0.044134947677477734,0.027819241831126256,23.16578009784301,0.023133272633228508,0,0,0.5359003067648214,0,0,0,0,0.27759244159209917,-0.12958214038300003,-0.04960934136579425,1.3203125,4.146774309554887,0,1,1,1,0,0,0,0,,
8.484994999999646,1101.2922748592844,,,,0.037109375,0.0390625,-0.98828125,-0.044134947677477734,0.027819241831126256,23.165918032529163,0.022852440820551934,0,0,0.5293977708921296,0,0,0,0,0.27759244159209917,-0.12958214038300003,-0.04960934136579425,1.318359375,4.111929249626392,0,1,1,1,0,0,0,0,,
8.512994999999647,1109.784796330835,,,,-0.017578125,0.052734375,-0.982421875,-0.044134947677477734,0.027819241831126256,23.165964533519446,0.022374843202116246,0,0,0.5183348240632836,0,0,0,0,0.27759244159209917,-0.12958214038300003,-0.04960934136579425,1.314453125,4.0722797222374645,0,1,1,1,0,0,0,0,,
8.546999999999535,1115.1441879977756,,,,-0.0078125,0.052734375,-0.990234375,-0.044134947677477734,0.02785681102404928,23.166295722032935,0.021214434748972,0,0,0.49145986897045685,0,0,0,0,0.27759244159209917,-0.12958214038300003,-0.049649834056934086,1.3125,4.029187313068865,0,1,1,1,0,0,0,0,,
8.580999999999534,1119.38925726008,,,,-0.048828125,0.078125,-0.99609375,-0.044134947677477734,0.02785681102404928,23.166622655211,0.020362856723835865,0,0,0.47173861790323157,0,0,0,0,0.27759244159209917,-0.12958214038300003,-0.049649834056934086,1.310546875,3.9865575254473957,0,1,1,1,0,0,0,0,,
8.608994999999647,1128.9184847634588,,,,0,0.025390625,-0.99609375,-0.043257914373574596,0.02785681102404928,23.166415367509522,0.03217528532950187,0,0,0.7453860245113758,0,0,0,0,0.2794558005407136,-0.12770475903063339,-0.049649834056934086,1.306640625,3.952465056416328,0,1,1,1,0,0,0,0,,
8.638994999999646,1135.3007014338596,,,,-0.01171875,0.03125,-1,-0.043257914373574596,0.02785681102404928,23.163548015250555,0.1342321410232481,0,0,3.109292643781891,0,0,0,0,0.2794558005407136,-0.12770475903063339,-0.049649834056934086,1.302734375,3.924889373145809,0,1,1,1,0,0,0,0,,
8.674994999999646,1141.8124940284822,,,,0.005859375,0.076171875,-0.984375,-0.043257914373574596,0.027857455709834854,23.16093465126171,0.20932755736490716,0,0,4.848221876836852,0,0,0,0,0.2794558005407136,-0.12770475903063339,-0.04965052890982729,1.302734375,3.8829556114000536,0,1,1,1,0,0,0,0,,
8.703999999999535,1146.8911767381414,,,,0.1484375,0.345703125,-0.955078125,-0.043257914373574596,0.027857455709834854,23.159517353103784,0.25960035953525873,0,0,6.012219031528806,0,0,0,0,0.2794558005407136,-0.12770475903063339,-0.04965052890982729,1.3046875,3.8523828036303773,0,1,1,1,0,0,0,0,,
8.729994999999645,1153.1733470935974,,,,0.048828125,0.1796875,-0.97265625,-0.043257914373574596,0.027857455709834854,23.1581188281638,0.30439318528401715,0,0,7.04917355529055,0,0,0,0,0.2794558005407136,-0.12770475903063339,-0.04965052890982729,1.3125,3.825573178860726,0,1,1,1,0,0,0,0,,
8.756994999999646,1159.3328381435585,,,,-0.01953125,-0.076171875,-0.9765625,-0.04290876834492004,0.027857455709834854,23.15648647945396,0.3535070423292943,0,0,8.185981046090063,0,0,0,0,0.2801976017630518,-0.12695737550422476,-0.04965052890982729,1.310546875,3.798496381915083,0,1,1,1,0,0,0,0,,
8.783994999999646,1168.637692148713,,,,-0.125,-0.12109375,-0.990234375,-0.04290876834492004,0.027857455709834854,23.1549158458916,0.40036485314086345,0,0,9.270414482129443,0,0,0,0,0.2801976017630518,-0.12695737550422476,-0.04965052890982729,1.302734375,3.77194072994743,0,1,1,1,0,0,0,0,,
8.814994999999646,1175.03715136905,,,,-0.0859375,0.126953125,-1.04296875,-0.04290876834492004,0.027857455709834854,23.15323066631926,0.4431750200787592,0,0,10.260933465434181,0,0,0,0,0.2801976017630518,-0.12695737550422476,-0.04965052890982729,1.302734375,3.7447478030413826,0,1,1,1,0,0,0,0,,
8.856994999999646,1184.4454324377953,,,,-0.109375,0.05859375,-0.95703125,-0.04290876834492004,0.027874535997131487,23.15079792957853,0.5195408996584665,0,0,12.027786384144594,0,0,0,0,0.2801976017630518,-0.12695737550422476,-0.049668938323079774,1.302734375,3.7027746081531325,0,1,1,1,0,0,0,0,,
8.912994999999647,1193.794768166886,,,,-0.037109375,0.1015625,-1,-0.03126965441026687,0.027874535997131487,23.14771452055055,0.6110167199482266,0,0,14.143640600644733,0,0,0,0,0.3047566578580868,-0.10188409215542629,-0.049668938323079774,1.298828125,3.652634484142188,0,1,1,1,0,0,0,0,,
8.952994999999646,1208.6547601657117,,,,-0.046875,0.08984375,-1.009765625,-0.03126965441026687,0.027874535997131487,23.145248959328082,0.6850586435407662,0,0,15.855852856490626,0,0,0,0,0.3047566578580868,-0.10188409215542629,-0.049668938323079774,1.298828125,3.618827129434839,0,1,1,1,0,0,0,0,,
8.983994999999647,1213.7839372027042,,,,0.0625,0.103515625,-0.974609375,-0.03126965441026687,0.030652883790387164,23.143470949643195,0.7346288033712898,0,0,17.00186036959459,0,0,0,0,0.3047566578580868,-0.10188409215542629,-0.052663487056183435,1.30078125,3.594925889906992,0,1,1,1,0,0,0,0,,
9.012994999999647,1225.4885910009339,,,,-0.01953125,-0.060546875,-1.05078125,-0.03126965441026687,0.030652883790387164,23.14215295780615,0.78220503291872,0,0,18.101908516170813,0,0,0,0,0.3047566578580868,-0.10188409215542629,-0.052663487056183435,1.30078125,3.56982218935724,0,1,1,1,0,0,0,0,,
9.050994999999647,1232.8828383173882,,,,0.0390625,0.146484375,-1.009765625,-0.026889044344708245,0.030652883790387164,23.14018681836545,0.8587673535926146,0,0,19.8720369956464,0,0,0,0,0.31399994295131195,-0.09244726749411472,-0.052663487056183435,1.302734375,3.541033055653418,0,1,1,1,0,0,0,0,,
9.078999999999535,1239.2866533904637,,,,0.01171875,0.03125,-0.921875,-0.026889044344708245,0.030652883790387164,23.138694465387637,0.9010362023485512,0,0,20.848801388396318,0,0,0,0,0.31399994295131195,-0.09244726749411472,-0.052663487056183435,1.3046875,3.5198464594406143,1,1,1,1,0,0,0,0,,
9.107999999999535,1246.8325963234333,,,,-0.05078125,0.07421875,-1.041015625,-0.026889044344708245,0.030652883790387164,23.13678475739456,0.9570190899754425,0,0,22.142344693479433,0,0,0,0,0.31399994295131195,-0.09244726749411472,-0.052663487056183435,1.3046875,3.49915165205296,0,1,1,1,0,0,0,0,,
9.160994999999646,1258.8479106516047,,,,-0.048828125,0.03125,-0.9921875,-0.026889044344708245,0.04144957224175092,23.131762548997624,1.101852624992818,0,0,25.48779328532359,0,0,0,0,0.31399994295131195,-0.09244726749411472,-0.06430033461077286,1.30078125,3.467876704051706,0,1,1,1,0,0,0,0,,
9.197995000000112,1273.5647651212637,,,,-0.0234375,0.048828125,-0.978515625,-0.024884504341508386,0.04144957224175092,23.12846461741524,1.189912720418945,0,0,27.520854252021884,0,0,0,0,0.31822961289523743,-0.08812903504391151,-0.06430033461077286,1.298828125,3.443298280324838,0,1,1,1,0,0,0,0,,
9.227999999999534,1279.7483348273863,,,,0.01171875,0.095703125,-0.97265625,-0.024884504341508386,0.04144957224175092,23.125955375377,1.268446022796288,0,0,29.33402611926139,0,0,0,0,0.31822961289523743,-0.08812903504391151,-0.06430033461077286,1.296875,3.4264635986739402,0,1,1,1,0,0,0,0,,
9.254999999999534,1288.5327014573481,,,,-0.009765625,0.078125,-0.986328125,-0.024884504341508386,0.04144957224175092,23.123035665042956,1.3552312735696739,0,0,31.337061073133157,0,0,0,0,0.31822961289523743,-0.08812903504391151,-0.06430033461077286,1.298828125,3.4129442489628903,0,1,1,1,0,0,0,0,,
9.287,1300.2733985712807,,,,-0.0234375,0.01171875,-1.0390625,-0.024884504341508386,0.05524785914083863,23.119990240343142,1.4516950205780872,0,0,33.563174707720115,0,0,0,0,0.31822961289523743,-0.08812903504391151,-0.0791723541084634,1.296875,3.398296067502056,0,1,1,1,0,0,0,0,,
9.326,1309.529359171435,,,,-0.0078125,0.080078125,-0.990234375,-0.024884504341508386,0.05524785914083863,23.11606745877608,1.5595541659682497,0,0,36.05075930613732,0,0,0,0,0.31822961289523743,-0.08812903504391151,-0.0791723541084634,1.296875,3.3818332597738503,0,1,1,1,0,0,0,0,,
9.354994999999645,1317.1066953373336,,,,-0.041015625,0.080078125,-0.982421875,-0.023878625739050103,0.05524785914083863,23.112350860888256,1.67059721910555,0,0,38.61142907519169,0,0,0,0,0.3210142667734252,-0.08658121726083685,-0.0791723541084634,1.296875,3.36972240998432,0,1,1,1,0,0,0,0,,
9.381994999999646,1325.0271003057533,,,,-0.14453125,0.091796875,-1.03515625,-0.023878625739050103,0.05524785914083863,23.109918373278628,1.7533141341219687,0,0,40.51894652227439,0,0,0,0,0.3210142667734252,-0.08658121726083685,-0.0791723541084634,1.296875,3.3598583318925583,0,1,1,1,0,0,0,0,,
9.409995000000112,1337.1499147092836,,,,-0.1875,0.10546875,-1.056640625,-0.023878625739050103,0.05524785914083863,23.106391222516166,1.8588292850788375,0,0,42.95083667690165,0,0,0,0,0.3210142667734252,-0.08658121726083685,-0.0791723541084634,1.296875,3.3515325745652462,0,1,1,1,0,0,0,0,,
9.472994999999646,1346.089191083205,,,,0.087890625,0.154296875,-1.01171875,-0.023878625739050103,0.07274496607406344,23.09842387941551,2.0984407149871616,0,0,48.470673120597205,0,0,0,0,0.3210142667734252,-0.08658121726083685,-0.09803102238860335,1.302734375,3.336536146749078,0,1,1,1,0,0,0,0,,
9.508994999999645,1360.5044469803856,,,,0.01953125,0.001953125,-0.966796875,-0.023159196114336023,0.07274496607406344,23.093715628664143,2.248893784177492,0,0,51.93531353086539,0,0,0,0,0.32285324451621494,-0.08533144704859666,-0.09803102238860335,1.302734375,3.332079959365504,0,1,1,1,0,0,0,0,,
9.537994999999647,1375.6550564175723,,,,-0.041015625,0.232421875,-1.025390625,-0.023159196114336023,0.07274496607406344,23.088542907302767,2.394714304754807,0,0,55.29046397606308,0,0,0,0,0.32285324451621494,-0.08533144704859666,-0.09803102238860335,1.30859375,3.329277701716428,0,1,1,1,0,0,0,0,,
9.576,1383.888368111472,,,,0.0703125,0.21875,-0.9609375,-0.023159196114336023,0.0924466951578455,23.083972140825097,2.501017140019466,0,0,57.73340998393541,0,0,0,0,0.32285324451621494,-0.08533144704859666,-0.11926586851226208,1.33203125,3.324151519419129,0,1,1,1,0,0,0,0,,
9.634999999999534,1397.991168703264,,,,-0.009765625,0.12890625,-0.955078125,-0.023159196114336023,0.0924466951578455,23.07789378929582,2.6718790041368634,0,0,61.661339875320024,0,0,0,0,0.32285324451621494,-0.08533144704859666,-0.11926586851226208,1.35546875,3.3191389192045615,0,1,1,1,0,0,0,0,,
9.677995000000111,1413.7259856271767,,,,0.115234375,-0.650390625,-0.888671875,-0.023009720928122045,0.0924466951578455,23.074639691772532,2.780752497700997,0,0,64.16486195644703,0,0,0,0,0.3236559092304649,-0.0854649712002626,-0.11926586851226208,1.365234375,3.3173842421341813,0,1,1,1,0,0,0,0,,
9.705999999999534,1423.3346081315199,,,,0.61328125,0.240234375,-1.021484375,-0.023009720928122045,0.0924466951578455,23.071387230186723,2.874730263892783,0,0,66.32401510060727,0,0,0,0,0.3236559092304649,-0.0854649712002626,-0.11926586851226208,1.349609375,3.3171932362688197,0,1,1,1,0,0,0,0,,
9.733994999999647,1435.152222195863,,,,0.25,0.06640625,-1.05859375,-0.023009720928122045,0.11754321842437424,23.067551430601647,2.9878597377465312,0,0,68.92260816789205,0,0,0,0,0.3236559092304649,-0.0854649712002626,-0.14631531211882579,1.36328125,3.3194742254239595,0,1,1,1,0,0,0,0,,
9.787,1446.6944228623702,,,,-0.01953125,0.263671875,-1.12109375,-0.022756866112368993,0.11754321842437424,23.060724418960657,3.2015207300992494,0,0,73.82938727840852,0,0,0,0,0.3246306090632396,-0.08533269442449581,-0.14631531211882579,1.36328125,3.326419278747116,0,1,1,1,0,0,0,0,,
9.823999999999534,1462.649871357431,,,,0.25,0.0625,-0.869140625,-0.022756866112368993,0.11754321842437424,23.054435367891752,3.4043015758642743,0,0,78.48425065357495,0,0,0,0,0.3246306090632396,-0.08533269442449581,-0.14631531211882579,1.375,3.336318292300558,0,1,1,1,0,0,0,0,,
9.859994999999646,1470.1725893049143,,,,0.0859375,0.076171875,-1.18359375,-0.022756866112368993,0.11754321842437424,23.046928679578805,3.6310248604312707,0,0,83.68397099213708,0,0,0,0,0.3246306090632396,-0.08533269442449581,-0.14631531211882579,1.388671875,3.3495469769326705,0,1,1,1,0,0,0,0,,
9.904999999999534,1487.4349522783314,,,,0.181640625,-0.2109375,-0.9921875,-0.022756866112368993,0.1396016224882275,23.035725815620186,3.968815039777271,0,0,91.42453506921893,0,0,0,0,0.3246306090632396,-0.08533269442449581,-0.17009022111475713,1.4140625,3.373301619074612,0,1,1,1,0,0,0,0,,
9.932994999999647,1497.800892232582,,,,-0.0859375,-0.708984375,-0.85546875,-0.022756866112368993,0.1396016224882275,23.029506831947803,4.184063109525535,0,0,96.35690996611909,0,0,0,0,0.3246306090632396,-0.08533269442449581,-0.17009022111475713,1.421875,3.3902309729418643,0,1,1,1,0,0,0,0,,
9.961994999999646,1507.5395366180182,,,,0.134765625,0.484375,-0.96484375,-0.022593135459659092,0.1396016224882275,23.024140296257986,4.3604467147029435,0,0,100.39553691367779,0,0,0,0,0.32526175480330055,-0.0852470414668088,-0.17009022111475713,1.462890625,3.4070563578006205,0,1,1,1,0,0,0,0,,
